q_id,response_id,start_date,end_date,duration_sec,finished,children_2_7,number_of_children,age_group,gender,location,household_income,platforms_selections,platforms_other_text,q6_childhood_brand_rank_little_tikes,q6_childhood_brand_rank_fisher_price,q6_childhood_brand_rank_playskool,q6_childhood_brand_rank_toynado,q6_childhood_brand_rank_lego,q6_childhood_brand_rank_other,q6_childhood_brand_other_text,q7_memories_childhood_toys_vivid_memories_1_5,q7_memories_childhood_toys_reminds_childhood_1_5,q7_memories_childhood_toys_want_child_experience_1_5,q7_memories_childhood_toys_not_relevant_today_1_5,q8_memories_influence_purchase_1_5,q9_importance_quality_durability_1_5,q9_importance_safety_trust_1_5,q9_importance_active_imaginative_play_1_5,q9_importance_educational_developmental_1_5,q9_importance_use_of_technology_1_5,q9_importance_childhood_memories_1_5,q10_rank_attributes_future_1,q10_rank_attributes_future_2,q10_rank_attributes_future_3,q10_rank_attributes_future_4,q10_rank_attributes_future_5,q10_rank_attributes_future_6,q11_nostalgia_little_tikes_0_100,q12_little_tikes_represents,q13_emotional_impact_makes_nostalgic_1_5,q13_emotional_impact_nostalgia_buy_likelihood_1_5,q13_emotional_impact_trust_vs_newer_1_5,q14_perception_brand_feels_modern_1_5,q14_perception_brand_incorporate_technology_1_5,q14_perception_brand_keep_traditional_1_5,q14_perception_brand_trendy_social_media_1_5,q15_lt_rating_vs_competitors_quality_durability_0_100,q15_lt_rating_vs_competitors_safety_trust_0_100,q15_lt_rating_vs_competitors_active_imaginative_play_0_100,q15_lt_rating_vs_competitors_educational_developmental_0_100,q15_lt_rating_vs_competitors_use_of_technology_0_100,q15_lt_rating_vs_competitors_childhood_memories_0_100,q16_competitor_brand_rating_fisher_price_1_5,q16_competitor_brand_rating_step2_1_5,q16_competitor_brand_rating_melissa_doug_1_5,q16_competitor_brand_rating_lego_1_5,q16_competitor_brand_rating_tonies_1_5,q16_competitor_brand_rating_lovevery_1_5,q16_competitor_brand_rating_toynado_1_5,q16_competitor_brand_rating_little_tikes_1_5,q17_future_directions_excitement_1_4,q18_preference_vs_brands_1_3,q19_nps_little_tikes_1_5,q20_nps_explanation_text,pid_prolific_id,,,,,,,,,,,,,,,,,,,
q_001,R_5gCryeTskvq74Tg,10/21/25 8:42,10/21/25 8:44,152,1,1,2,3,1,2,2,6,,5,1,4,2,3,6,,4,4,4,4,3,4,4,4,4,4,4,2,4,5,1,6,3,63,4,4,4,4,5,5,5,5,59,65,68,67,67,67,3,4,2,5,4,3,1,4,1,1,4,NaN,NaN,,Number of Children,Count Formula,,,,,,,,,,,,,,,,
q_002,R_6GBxJzZh25h3s2g,10/21/25 9:04,10/21/25 9:05,98,1,1,2,3,3,2,3,3,,1,3,4,6,2,5,,4,4,4,4,4,4,4,3,4,4,4,1,5,2,4,6,3,63,1,4,3,4,5,4,5,4,64,68,60,72,72,59,4,4,3,4,3,4,3,4,2,1,4,NaN,NaN,,1 child,183,,,,,,,,,,,,,,,,
q_003,R_5Pz8aRuEUoSmVhm,10/21/25 10:47,10/21/25 10:51,211,1,1,2,3,2,3,1,"1,3,4",,2,1,4,5,3,6,,4,5,5,2,3,4,4,4,5,3,3,2,1,4,3,5,6,99,5,5,5,4,3,3,3,3,70,70,79,60,21,98,4,4,5,4,3,3,3,4,1,2,5,They are fun toys that tend to last.,66f4461fe6cf2a459a3e7180,,2 children,190,,,,,,,,,,,,,,,,
q_004,R_7obXU1YR7JipS1d,10/21/25 11:15,10/21/25 11:21,322,1,1,1,3,1,2,2,"4,6",,3,2,4,5,1,6,,4,4,3,5,3,4,5,3,3,4,4,6,1,5,4,3,2,28,5,2,4,4,4,3,4,3,52,82,87,25,21,100,4,3,3,5,3,2,2,4,2,2,4,my kid has a great time with it so im sure hers would too,67782c306cc6b5694fb466d8,,3 children,75,,,,,,,,,,,,,,,,
q_005,R_1CdXURFp2BVCyPm,10/21/25 11:18,10/21/25 11:24,313,1,1,3,5,1,1,3,"1,2,3,4,6",,4,1,3,5,2,6,,4,5,5,2,2,5,5,5,2,1,1,2,3,1,4,6,5,68,1,4,4,4,2,1,5,2,82,72,89,32,3,68,4,2,5,5,1,1,1,4,1,2,4,"they are good solid toys I think you can rely onm, but they aren't my first choice when it comes to new toys",5af3c4e197a14300017d3f49,,4 or more children,53,,,,,,,,,,,,,,,,
q_006,R_32xgcTtUOg3EMIh,10/21/25 11:21,10/21/25 11:25,228,1,1,1,2,1,1,1,4,,2,3,4,5,1,6,,5,5,5,2,4,5,5,4,4,3,2,2,1,3,4,5,6,97,4,4,4,4,4,3,3,4,65,65,71,77,77,86,4,4,4,4,4,4,3,4,2,2,5,It is nostalgic.,663a79dcbf6dbbd974909c42,,,,,,,,,,,,,,,,,,,
q_007,R_6tvdum3A6YC1wnD,10/21/25 11:25,10/21/25 11:29,201,1,1,1,6,2,3,3,"1,2,3,4,5,6",,3,1,2,5,4,6,,4,4,4,2,4,4,5,3,3,3,3,2,1,3,4,5,6,100,4,4,4,4,4,3,4,4,100,100,100,100,0,100,5,3,5,5,1,1,1,5,1,2,5,It is high quality toys that my children enjoyed or still enjoy,678d933aeecfeb40cd30b3a9,,Q1: Age Group,Count Formula,,,,,,,,,,,,,,,,
q_008,R_38SvBDjGYidNvjl,10/21/25 11:34,10/21/25 11:40,361,1,1,2,5,2,1,1,5,,3,1,2,5,4,6,none,4,5,5,2,4,5,5,5,5,4,3,2,1,4,3,5,6,98,1,5,4,4,4,5,3,4,98,95,89,87,22,99,5,3,4,5,3,3,3,5,2,3,5,The brand is a good brand that has been around for a long time and the products are struidy.,5fde4bdb99e7cf5b87787664,,18-24,12,,,,,,,,,,,,,,,,
q_009,R_7mxYUKa9SHm4lqe,10/21/25 11:51,10/21/25 11:53,144,1,1,2,4,1,3,3,"1,3,4,5,6",,4,1,3,5,2,6,,5,5,5,2,4,4,5,5,5,4,3,2,1,5,3,4,6,80,5,5,5,5,5,4,5,5,80,85,79,61,42,99,5,5,5,5,4,3,3,5,2,2,5,I like Little Tikes and the products they offer,62e97dfea1a1ef00cb9f0b10,,25-29,47,,,,,,,,,,,,,,,,
q_010,R_3obWqQk71tgRdhn,10/21/25 11:53,10/21/25 11:56,159,1,1,1,1,2,1,2,"2,4",,3,1,2,5,4,6,,4,4,4,1,4,4,4,4,4,2,3,3,2,4,1,6,5,90,3,5,4,4,3,1,6,2,81,91,85,70,3,77,5,3,4,5,1,1,1,5,1,3,5,The toys are durable and nostalgic.,6673c06ef972fa4885e8ec49,,30-34,111,,,,,,,,,,,,,,,,
q_011,R_7XaE0EdXV049YGl,10/21/25 11:54,10/21/25 11:57,186,1,1,4,4,2,3,4,2,,2,3,4,5,1,6,,4,4,4,1,4,5,4,5,3,3,3,2,3,1,6,4,5,90,3,5,4,4,2,4,4,2,60,60,70,50,10,80,4,4,3,5,2,3,2,4,4,3,5,Its a classic for a reason.,663e721c25f558c476b26fa6,,35-39,148,,,,,,,,,,,,,,,,
q_012,R_7pYEam19rDrnman,10/21/25 11:52,10/21/25 11:58,355,1,1,1,5,1,1,4,6,,1,2,5,6,4,3,Mattel,4,5,5,3,5,4,5,5,4,1,3,4,1,2,3,6,5,91,5,5,4,5,3,1,5,4,78,79,99,62,19,89,4,4,5,5,3,3,3,5,1,3,5,"The toys are very durable and easy to use. They have obviously been designed with children in mind (no sharp corners, nothing too hard or heavy, wide grips for less dexterous hands, etc.).",663a4baa22661785cbd9d31f,,40-44,85,,,,,,,,,,,,,,,,
q_013,R_7nI3v0Qu3joKtsZ,10/21/25 11:53,10/21/25 12:00,464,1,1,2,3,1,1,4,"1,2,4,5",,2,1,5,6,3,4,lincoln loga,4,4,4,2,3,4,4,5,3,2,3,2,3,1,5,6,4,71,1,4,4,4,4,2,4,3,91,90,90,39,16,84,5,3,2,4,3,3,3,4,1,3,5,It is a consistent name that you can trust,5da6139c002c29001335b5a2,,45+,98,,,,,,,,,,,,,,,,
q_014,R_1ScdwitltR7S6W6,10/21/25 11:59,10/21/25 12:03,248,1,1,2,4,2,1,1,"1,2,3,4,5,6",,3,1,2,6,4,5,Barbie,5,5,5,1,4,4,5,5,5,2,4,2,1,4,3,6,5,88,2,4,4,4,3,2,5,4,66,96,74,83,19,73,4,4,4,4,2,1,1,5,4,3,5,"Safe, fun, and colorful items that kids love.",66d69d42515fac1f2273d10e,,,,,,,,,,,,,,,,,,,
q_015,R_6k0p0YI1b9QVvu5,10/21/25 11:59,10/21/25 12:05,365,1,1,2,3,1,1,2,"1,3,4,6",,2,3,5,4,1,6,Mattel,5,5,5,4,3,4,4,3,2,1,5,1,3,5,4,6,2,78,1,4,4,4,3,2,5,2,100,87,68,65,33,79,1,1,1,5,1,1,1,5,1,3,5,I still have little tikes toys that my mom kept from when I was a kid that I’ve passed down to my kids.,6666fcae6d26138013a1bae0,,Q2: Gender,Count Formula,,,,,,,,,,,,,,,,
q_016,R_1Cx12PyD2iDsfu0,10/21/25 12:01,10/21/25 12:06,268,1,1,2,3,2,1,2,"1,2,3,4,5,6",,1,3,2,5,4,6,,4,4,4,4,5,4,5,4,5,4,4,5,1,4,2,6,3,100,4,4,5,4,5,6,6,6,100,100,80,91,53,94,4,3,4,4,3,4,4,5,1,3,5,Because of the kind of impact it will have towards the child,67dc5b2e098a6ddc6eda0acd,,Male,241,,,,,,,,,,,,,,,,
q_017,R_6c5TXxGf2ueH0dA,10/21/25 12:06,10/21/25 12:11,304,1,1,1,2,1,3,2,"2,3,4",,1,3,4,5,2,6,,5,5,5,2,4,5,5,5,5,3,5,2,1,3,4,6,5,98,5,4,4,4,4,4,5,4,100,100,100,89,0,99,5,3,3,5,3,3,3,5,1,3,5,I love their toys for my child and my child loves them. I think it is great for anyone with a small child.,6696dcdd685b78a4a5f3efcf,,Female,255,,,,,,,,,,,,,,,,
q_018,R_6NVrTAPTf496L1G,10/21/25 12:49,10/21/25 12:52,155,1,1,1,4,2,2,2,"3,4,5",,3,2,1,5,4,6,,4,4,3,3,3,4,5,4,4,3,3,2,1,3,4,5,6,97,5,4,4,4,3,2,4,3,81,85,85,77,22,73,5,3,3,4,1,1,1,4,1,3,5,I liked the brand as a kid and my child likes the brand. It holds up well,5f78a9660c01564630e2c2c8,,Non-binary/third gender,5,,,,,,,,,,,,,,,,
q_019,R_1RdABOLiDNkn3GN,10/21/25 12:50,10/21/25 12:52,147,1,1,2,4,2,1,2,"1,2,3,4,5,6",,2,4,3,5,1,6,,5,4,5,4,5,5,4,5,4,5,5,1,3,4,2,5,6,89,2,5,4,5,5,4,5,4,76,62,82,64,82,67,4,5,4,3,5,3,4,4,2,3,4,They look very much appealing to me,66a398080da27efcc3e8ecef,,Prefer not to say,0,,,,,,,,,,,,,,,,
q_020,R_12bVsnPOi6Fo2VM,10/21/25 12:49,10/21/25 12:52,191,1,1,4,4,2,1,1,"2,3",,4,2,3,5,1,6,,4,4,4,2,3,5,5,5,5,5,3,1,3,4,2,5,6,70,1,4,4,4,4,2,6,4,90,96,90,57,11,58,4,4,5,5,1,1,1,4,1,3,5,Little Tikes is a good product for children.,5fc30c35704ddd267cc9123f,,,,,,,,,,,,,,,,,,,
q_021,R_1yr1aRstYhM0nR4,10/21/25 12:49,10/21/25 12:52,195,1,1,2,4,1,3,4,1,,1,3,4,5,2,6,,4,5,4,3,5,5,5,5,5,2,5,1,3,2,4,6,5,100,1,4,4,4,4,2,5,3,100,87,100,72,11,69,5,3,5,5,3,3,3,5,1,3,5,They are durable toys that hold up for generations,673cc5ebc28f32153129c76e,,Q3: Location,Count Formula,,,,,,,,,,,,,,,,
q_022,R_3J8jDV3DRy4ONvF,10/21/25 12:50,10/21/25 12:52,170,1,1,1,4,1,2,4,"4,6",,2,4,1,5,3,6,,5,4,3,1,3,5,5,5,5,1,2,3,1,4,2,6,5,21,1,2,2,2,3,1,6,6,46,52,59,27,5,42,3,3,2,4,2,1,2,3,4,2,3,They're very plastic intensive which makes me concerned for child health and safety,5a9c8551f053610001720820,,Urban,150,,,,,,,,,,,,,,,,
q_023,R_61N41FDiT3WkxcS,10/21/25 12:49,10/21/25 12:53,212,1,1,1,3,1,2,4,"1,2,4,5",,1,2,4,5,3,6,,5,5,4,4,3,4,5,5,5,3,3,4,2,3,1,5,6,100,5,5,5,4,4,5,5,3,99,99,99,67,9,100,5,3,5,5,3,3,3,5,4,3,5,They are quality porducts that make kids active. I love the branding and style. Also a good price point,672d220ca33afe487e8a4f28,,Suburban,266,,,,,,,,,,,,,,,,
q_024,R_1YPX9YH90FoxHYD,10/21/25 12:49,10/21/25 12:53,241,1,1,2,6,1,2,2,"3,4,6",,1,3,2,5,4,6,,5,5,5,5,5,5,5,5,5,3,5,4,1,2,3,6,5,100,3,5,5,5,3,1,5,5,100,100,100,90,75,100,4,5,5,4,3,3,3,5,4,3,5,Little Tikes makes toys that are timeless and that all children from all walks of life enjoy them.,64c2bb6ce9c40ddb6650e63e,,Rural,85,,,,,,,,,,,,,,,,
q_025,R_5guRGUyk0vREO36,10/21/25 12:51,10/21/25 12:53,126,1,1,2,2,2,1,2,"1,2,4",,1,3,4,5,2,6,,4,4,5,5,4,4,4,5,4,5,5,1,2,5,6,4,3,62,1,4,4,5,5,5,6,6,85,90,83,87,85,87,5,3,3,5,3,3,4,4,3,2,4,they have nice toys,6644fd6f64ae08e1ffa4e3e4,,,,,,,,,,,,,,,,,,,
q_026,R_7tUj5KocEqdCvYJ,10/21/25 12:49,10/21/25 12:53,231,1,1,1,3,1,2,1,"1,3,4,5",,2,3,4,5,1,6,,4,4,4,4,3,5,5,5,5,3,3,1,2,3,4,5,6,100,3,4,4,3,4,3,4,4,81,81,80,80,49,100,5,3,5,5,3,3,5,5,4,2,5,My nostalgia and remember how good quality toys they were.,6542873ba9de8fbd9a1bca37,,Q4: Household Income,Count Formula,,,,,,,,,,,,,,,,
q_027,R_62hSkvs1MWfa4bd,10/21/25 12:51,10/21/25 12:54,180,1,1,1,3,2,1,3,"1,3,4",,2,1,4,5,3,6,,4,5,5,5,4,4,4,3,4,1,4,1,3,4,2,6,5,80,3,4,4,4,2,1,5,5,71,60,70,71,0,60,4,2,2,4,2,2,2,4,3,3,5,I know they are durable and safe toys for my children.,663a94c4f1f80e7c9c8a2d19,,"<$50,000",102,,,,,,,,,,,,,,,,
q_028,R_7Puko6Qy1RKWR2H,10/21/25 12:51,10/21/25 12:54,227,1,1,2,6,2,3,1,"2,3,6",,1,2,3,5,4,6,,3,4,4,2,2,4,4,3,3,2,2,2,1,3,4,5,6,40,5,4,3,3,3,4,4,3,71,70,61,55,33,27,4,4,3,3,1,1,1,5,2,3,5,Little Tikes last a long time.,67673cda94b4d0cf1a6a7382,,"$50,000-$99,999",198,,,,,,,,,,,,,,,,
q_029,R_30HlDsBfFMUkR8J,10/21/25 12:51,10/21/25 12:54,204,1,1,1,3,2,1,2,"1,3,4",,3,2,1,5,4,6,,4,4,2,5,2,5,5,4,4,2,2,3,1,4,2,5,6,72,3,4,2,1,1,3,2,2,69,49,40,17,10,80,3,3,5,5,4,5,3,2,4,1,2,it is too plastic oriented for me. I prefer wooden or natural material toys that are safer and more wholesome.,6785704c3b1ab8813a4958b0,,"$100,000-$149,999",121,,,,,,,,,,,,,,,,
q_030,R_3n1JDvpe9WXvOJE,10/21/25 12:52,10/21/25 12:54,167,1,1,2,5,1,3,2,"2,3,4",,4,1,3,5,2,6,,5,5,4,2,3,4,3,5,3,3,4,2,3,1,4,5,6,0,1,1,1,1,2,3,5,2,83,70,37,30,21,39,4,1,1,5,1,1,1,3,1,2,4,Its a trusted brand,5e4c6b5f60c37d0cb9df947c,,"$150,000+",80,,,,,,,,,,,,,,,,
q_031,R_1howbzeEdNshGRr,10/21/25 12:50,10/21/25 12:55,268,1,1,1,3,1,2,1,"2,5",,3,1,4,5,2,6,,5,4,3,4,2,5,4,4,2,3,2,1,2,3,5,4,6,88,1,5,4,4,4,5,3,2,83,78,87,44,11,56,3,2,1,5,1,1,2,5,2,3,4,I still have little tike toys in working conditions form 25 years ago so I know they are toys that can last,6171bd9a5b4994447442a49d,,Prefer not to answer,0,,,,,,,,,,,,,,,,
q_032,R_64NNziievAEnGZr,10/21/25 12:52,10/21/25 12:55,188,1,1,1,2,2,2,2,"1,3,4",,2,1,3,5,4,6,,5,5,5,5,4,4,5,5,5,1,4,3,2,4,5,6,1,100,1,5,5,5,3,1,5,3,91,94,87,86,0,100,5,2,4,3,1,1,1,5,1,3,5,I give it a 5 because other parents around my age would also appreciate the sentimental and nostalgic values it has.,6701e7c8b53a034b66f93fd8,,,,,,,,,,,,,,,,,,,
q_033,R_7f71ZFUIMgZFCil,10/21/25 12:51,10/21/25 12:55,232,1,1,1,4,1,1,4,"4,5",,5,1,3,4,2,6,,4,4,5,2,3,5,5,4,4,3,4,2,1,3,4,6,5,22,1,4,4,4,2,2,4,3,91,81,53,53,16,31,5,2,2,5,4,2,4,5,4,2,5,Little Tikes toys does a great job of entertaining kids with a traditional feel and look. I would definitely buy these toys for my kid and recommend it to other parents who just want a simple toy that doesn't influence the kid's ability to imagine and develop their own sense of self.,5eb402bed161131f83db9ce4,,Q5: Platform,Count Formula,,,,,,,,,,,,,,,,
q_034,R_7QGJNhEYxGM2vEE,10/21/25 12:52,10/21/25 12:55,188,1,1,3,5,1,2,4,"1,3,4",,1,3,4,5,2,6,,5,4,4,3,3,4,5,3,4,3,3,2,1,3,4,6,5,80,1,4,5,4,4,2,5,3,91,80,80,70,30,75,4,4,4,4,3,4,2,5,1,3,5,"I trust little tikes more than other brands and know their products are higher quality, so I would recommend them first.",67018afb7f8bf0bc66daf520,,Instagram,255,,,,,,,,,,,,,,,,
q_035,R_6fqfDZWZ037Q4sp,10/21/25 12:51,10/21/25 12:55,242,1,1,1,3,2,2,1,7,None,3,1,2,4,5,6,,4,5,3,3,2,4,5,5,4,2,2,1,2,3,4,6,5,82,3,5,4,4,4,2,4,6,86,86,84,82,12,100,4,3,4,4,1,1,1,5,4,2,5,"It is nostalgic for me, and I do not recall any issues with toys of that brand that I have bought for my own child.",5ffff3ac6fc9001772ea3312,,Tiktok,210,,,,,,,,,,,,,,,,
q_036,R_19nPBzB0oRZHGfG,10/21/25 12:49,10/21/25 12:56,392,1,1,2,3,1,2,4,5,,3,2,4,5,1,6,,4,4,3,4,2,4,3,4,4,3,1,1,4,2,3,5,6,70,1,4,3,4,2,4,4,2,100,90,60,69,0,80,5,3,5,5,4,3,2,4,2,2,4,"Little Tikes is a brand that has built a solid reputation for good quality kids toys that will last over time. You know the quality you're going to get when you buy something from Little Tikes, but their lack of being innovative and future thinking doesn't mark them as the highest rating.",631a9f635762d2b83a53202b,,Facebook,280,,,,,,,,,,,,,,,,
q_037,R_30UXe4KeUQFusCB,10/21/25 12:51,10/21/25 12:56,291,1,1,1,5,1,3,2,"4,5",,2,1,4,5,3,6,,4,4,2,2,1,4,4,4,4,3,1,3,2,1,4,5,6,27,5,4,2,2,4,3,4,4,84,97,97,78,60,70,5,3,3,5,3,3,3,5,2,3,5,They are an authentic trustworthy company who's been in families lives for a few decades.,5a519789e0cf3d000125ee02,,Youtube,320,,,,,,,,,,,,,,,,
q_038,R_1rGa6roz0eWxM5f,10/21/25 12:53,10/21/25 12:57,218,1,1,1,1,2,3,3,3,,1,2,3,5,4,6,,4,4,5,2,4,4,4,4,4,5,4,2,3,5,1,4,6,84,1,4,4,4,5,5,5,5,54,61,75,49,74,59,5,5,4,5,3,3,3,5,1,3,5,Love the brand,67a641d9b2a838f8c341c6ec,,Parenting Blogs/Websites,215,,,,,,,,,,,,,,,,
q_039,R_1Ei2yAuRGAkaXUu,10/21/25 12:53,10/21/25 12:57,204,1,1,2,4,2,2,4,"2,3",,3,1,2,6,4,5,,4,4,4,2,3,4,4,4,4,2,3,1,3,2,4,6,5,91,5,4,3,4,3,1,5,2,83,84,100,89,20,84,5,5,5,5,1,1,1,5,1,3,5,They are a time tested brand,61085504b0951e096d81185c,,Texts/Group chats,192,,,,,,,,,,,,,,,,
q_040,R_3z2YdYhLcb25wwV,10/21/25 12:50,10/21/25 12:57,449,1,1,1,6,1,2,3,5,,3,1,4,5,2,6,,5,5,5,2,4,5,5,4,5,4,3,2,1,4,3,5,6,90,2,4,5,5,5,3,5,5,90,90,80,70,60,89,5,2,2,5,1,1,2,5,2,3,5,They were alwways some of the safest and most fun toys ever,66c08c428977b7440967870d,,Other,23,,,,,,,,,,,,,,,,
q_041,R_3UhXeZJRGCetYLc,10/21/25 12:51,10/21/25 12:57,369,1,1,2,4,2,1,1,"4,5",,5,1,2,4,3,6,,5,5,5,4,5,5,5,3,5,4,5,4,1,5,2,6,3,100,1,5,5,5,5,3,5,5,100,100,100,100,100,100,5,5,5,5,3,3,3,5,4,3,5,Because I like toys that lasts for years,64d52f57693a7ee7330c9518,,,,,,,,,,,,,,,,,,,
q_042,R_6P6Ieu3TI8v0NYt,10/21/25 12:51,10/21/25 12:58,368,1,1,2,2,1,2,1,"4,5",,4,1,3,5,2,6,,4,5,3,5,1,5,5,3,5,2,1,2,1,4,3,5,6,52,4,4,3,3,1,5,3,2,83,63,79,100,34,59,5,2,1,5,1,1,2,4,2,2,4,Its great toys and kids love them but I think the toys just need a refresher.,5e90b7d2dc69fd3de27660f3,,Q6: Brand,Average Rank Formula,,,,,,,,,,,,,,,,
q_043,R_6DXMAkdEriyPHDT,10/21/25 12:55,10/21/25 12:58,167,1,1,1,5,1,1,2,4,,3,1,4,5,2,6,,4,4,3,4,3,4,4,4,4,3,3,2,1,3,4,6,5,75,2,4,4,4,5,4,5,4,61,65,68,75,66,75,5,5,5,5,5,5,5,5,1,3,5,Because I played with these toys when I was younger,67f6d9e14d5858617cf09b09,,Little Tikes,2.516966068,,,,,,,,,,,,,,,,
q_044,R_6y1s4kGho4VnnNW,10/21/25 12:51,10/21/25 12:58,432,1,1,1,3,2,2,3,2,,3,2,5,6,4,1,Mattel,4,4,4,4,4,4,5,4,4,3,3,4,1,3,2,5,6,90,5,4,4,4,2,2,5,2,80,80,90,80,50,90,5,3,3,4,3,3,3,5,4,3,5,I think it's a brand that is simple but brings out the creative energy in children.,66106de7b3f2dbb98745308c,,Fisher-Price,1.972055888,,,,,,,,,,,,,,,,
q_045,R_7fQ93lSUnZ8x1v5,10/21/25 12:49,10/21/25 12:59,579,1,1,1,3,1,3,2,1,,1,2,3,4,5,6,,2,4,2,3,3,3,2,4,2,3,4,1,2,3,4,5,6,53,3,2,4,3,2,5,3,4,52,36,50,34,61,71,3,2,4,4,2,3,4,3,2,3,3,Firm but fair.,634868460f7419e22957fb59,,Playskool,3.195608782,,,,,,,,,,,,,,,,
q_046,R_3BLJcLcUYCkya89,10/21/25 12:56,10/21/25 12:59,182,1,1,1,1,1,2,2,"2,4",,3,2,5,4,1,6,,4,5,5,1,4,2,1,5,5,2,4,2,4,3,6,5,1,50,3,1,4,3,1,1,5,4,83,22,60,36,7,90,4,2,4,5,5,2,4,3,3,3,4,Pure nostalgia. These toys being good memories and have been a consistent staple in our childrens toys since we have had him,67362689d04633e3c7663142,,Toynado,4.806387226,,,,,,,,,,,,,,,,
q_047,R_1HAeLbSPGPFS6DF,10/21/25 12:49,10/21/25 12:59,618,1,1,2,5,2,1,2,"1,2,3,4,5,6",,4,2,3,5,1,6,,5,5,4,2,3,5,5,4,4,3,2,1,2,4,3,5,6,85,5,5,4,4,4,3,5,5,90,95,100,85,40,90,4,4,4,5,3,4,2,5,1,3,5,"Little Tikes toys are fun, durable, and timeless. They balance imaginative play with safety and quality, and the nostalgic designs make them easy to recommend to families looking for reliable toys that encourage active and creative play.",67db713a7e41b82d0894bca8,,LEGO,2.804391218,,,,,,,,,,,,,,,,
q_048,R_5fIsa5PqC9wLtoV,10/21/25 12:51,10/21/25 12:59,483,1,1,2,5,1,1,2,"3,4",,4,1,2,5,3,6,,4,5,5,3,3,4,5,3,4,2,3,2,1,4,3,6,5,30,1,2,3,3,4,2,5,4,91,81,80,60,10,51,5,3,3,5,2,3,3,5,1,2,5,Little Tykes is a toy brand you can trust. I would recommend it based on the quality and durability alone.,664ea702fbdc6c41eb8ee937,,Other,5.704590818,,,,,,,,,,,,,,,,
q_049,R_7FXxYlWBrfFvxCF,10/21/25 12:55,10/21/25 13:00,260,1,1,2,3,1,3,2,"3,4,5",,1,3,4,5,2,6,Hasbro,5,5,4,2,3,4,5,3,3,2,3,2,1,4,3,6,5,91,2,5,5,5,5,4,5,4,100,95,77,81,70,100,4,3,4,5,3,3,3,5,1,3,5,"They have always been the gold standard for kid's toys, are very durable and have incredible safety standards.",66ce2dd9d9bd8d49eba76946,,,,,,,,,,,,,,,,,,,
q_050,R_11qNbDTB8u9EQUx,10/21/25 12:52,10/21/25 13:00,480,1,1,3,6,1,1,2,4,,4,5,2,3,1,6,,4,4,5,3,3,4,5,4,5,3,4,3,2,5,1,4,6,71,4,4,3,4,4,5,4,4,80,100,80,99,94,83,4,4,4,5,3,3,4,5,1,3,5,BECAUSE I BELIEVE IN IT,67de01d3d44c6326661a7d33,,Statement (Q7),Average Score Formula,,,,,,,,,,,,,,,,
q_051,R_717YSolfxE2FmUh,10/21/25 12:51,10/21/25 13:01,579,1,1,3,4,2,2,2,"2,3,5",,2,1,3,5,4,6,,4,4,4,2,3,4,5,3,3,3,2,2,1,4,3,5,6,100,3,5,5,5,5,2,5,2,90,100,70,70,20,85,5,2,5,5,3,1,1,5,1,2,5,I would recommend Little Tikes to other parents because the toys are safe and durable.,669292033e17ed44f8376cab,,"""I have vivid memories of playing with my favorite toys.""",4.265469062,,,,,,,,,,,,,,,,
q_052,R_7SoVyJMXgTtA4QH,10/21/25 12:55,10/21/25 13:01,326,1,1,2,4,1,1,2,"1,2,3,4",,4,1,3,5,2,6,,5,5,5,1,5,5,5,5,5,5,5,2,1,3,4,6,5,49,2,4,4,4,5,5,5,5,74,100,64,70,34,65,5,2,4,5,4,3,4,5,1,3,5,is a good brand,616d9ef881036dfbfd63d2f4,,"""Seeing my favorite toys today reminds me of my childhood.""",4.403193613,,,,,,,,,,,,,,,,
q_053,R_7qlO2FFIkOdRIiL,10/21/25 12:50,10/21/25 13:01,689,1,1,4,5,2,2,4,"1,3",,3,2,4,5,1,6,,4,5,5,5,4,4,5,5,5,2,4,1,2,4,3,6,5,72,3,4,3,4,5,2,5,5,84,85,88,58,11,98,5,4,3,5,1,1,1,5,1,3,5,I have always liked the brand,66dc38b73a438ca9e1aa3ad9,,"""I want my child to experience my favorite childhood toy.""",4.179640719,,,,,,,,,,,,,,,,
q_054,R_7NHYHm8FqvrBGQG,10/21/25 12:57,10/21/25 13:02,265,1,1,2,5,2,2,3,7,Reddit,2,1,3,6,4,5,Brio,4,4,3,2,3,4,4,5,4,2,3,2,4,1,3,6,5,90,1,4,4,5,4,1,5,3,90,90,97,90,64,92,5,5,5,5,3,2,2,5,1,3,5,I can't think of a bad experience with any Little Tikes products. My kids have really enjoyed them and I feel others would too.,665480f12371f7e4c321a587,,"""My favorite childhood toys do not feel relevant today.""",2.670658683,,,,,,,,,,,,,,,,
q_055,R_3CoVjAmGaEfzod3,10/21/25 12:57,10/21/25 13:02,301,1,1,1,4,1,2,2,"3,4,6",,3,1,4,5,2,6,,4,5,5,2,2,5,5,3,4,1,2,2,1,4,3,6,5,80,5,4,4,5,3,2,5,3,90,100,100,50,50,90,5,3,1,4,1,1,1,5,1,3,5,I have good memories of their durability and quality. I think their products are always worth the money.,5591cd21fdf99b63126f6c60,,,,,,,,,,,,,,,,,,,
q_056,R_6CpuIVoRK0PmBnG,10/21/25 12:59,10/21/25 13:02,177,1,1,4,4,1,1,4,"1,2,3,4,5,6",,3,1,2,6,4,5,Hot Wheels,4,5,5,2,4,4,4,4,2,2,4,1,3,4,5,6,2,80,3,4,5,5,3,1,6,3,65,100,55,57,8,100,5,2,4,4,2,1,1,4,1,3,5,I love the feeling i have when i think about my old childhood Little Tikes toys and buy some of these for my own kids.,672675b43041ee0d6eb749f8,,"Q7: ""I have vivid memories of playing with my favorite toys.""",,,"Q7: ""Seeing my favorite toys today reminds me of my childhood.""",,,"Q7: ""I want my child to experience my favorite childhood toy.""",,,"Q7: ""My favorite childhood toys do not feel relevant today.""",,,,,,,,
q_057,R_7aOgJ4gQSV1AHn3,10/21/25 12:51,10/21/25 13:02,668,1,1,2,5,1,1,1,"3,4,5,6",,5,2,4,6,1,3,Hot Wheels,5,4,4,1,2,5,3,4,5,4,3,1,3,5,4,2,6,29,2,3,2,2,3,5,2,4,85,95,80,60,5,20,4,3,3,5,3,3,4,4,2,2,5,It's a solid line of toys for kids that's been around for ages and are extremely safe to use.,6767d7cb119ea20af1676aeb,,Response,Count Formula,,Response,Count Formula,,Response,Count Formula,,Response,Count Formula,,,,,,,
q_058,R_5jHhe2iDfvFN2uR,10/21/25 12:59,10/21/25 13:02,206,1,1,3,3,2,3,1,"1,2,3,4,5,6",,2,1,3,6,4,5,,5,5,5,1,3,4,5,5,5,2,4,4,1,3,2,6,5,100,3,5,4,4,5,3,5,5,85,85,80,69,51,75,4,4,5,4,3,3,3,4,3,3,4,I have had mostly good experiences with the brand. They have a great reputation with a lot of people that I know.,5d0b7d3a1c9a4e001a11dd19,,1 (Strongly disagree),3,0.60%,1 (Strongly disagree),3,0.60%,1 (Strongly disagree),2,0.40%,1 (Strongly disagree),93,18.56%,,,,,,
q_059,R_3fwhqdJOzIOvax3,10/21/25 12:59,10/21/25 13:03,211,1,1,1,2,1,2,3,"1,2,3",,3,1,5,4,2,6,,4,4,4,4,4,4,4,4,3,3,3,1,2,4,3,6,5,76,3,4,4,4,3,3,4,3,91,95,88,50,16,98,5,2,2,5,2,2,2,5,1,3,4,It reminds me of my childhood and all the good memories of those toys,611041b19566e500dff115c2,,2 (Disagree),10,2.00%,2 (Disagree),5,1.00%,2 (Disagree),15,2.99%,2 (Disagree),178,35.53%,,,,,,
q_060,R_5P0C64L8XxEQQgR,10/21/25 12:59,10/21/25 13:03,236,1,1,2,6,1,1,3,"1,2,3,4",,2,4,3,5,1,6,,4,4,5,4,2,4,4,3,3,4,4,3,1,4,5,2,6,63,4,4,4,3,4,4,5,5,58,46,52,79,57,65,3,3,2,5,2,3,3,3,1,2,5,"I gave a 5 because Little Tikes products are incredibly durable and safe. Our children have played with the same toys for years, and they still look and work great. The designs are also very age-appropriate and encourage imaginative play. While the toys can be a bit more expensive upfront, their longevity makes them an excellent value in the long run. I always feel confident recommending a brand I know will hold up and that other parents will be happy with.",67e096ed796719cfef796398,,3 (Neither),21,4.19%,3 (Neither),14,2.79%,3 (Neither),77,15.37%,3 (Neither),74,14.77%,,,,,,
q_061,R_1mrBvltUldee5x9,10/21/25 12:54,10/21/25 13:03,518,1,1,3,3,1,2,3,"1,2,3,4",,1,2,3,4,5,6,,4,5,4,1,4,4,2,5,5,4,2,4,3,1,2,5,6,47,2,3,4,4,3,5,4,4,80,90,71,69,50,40,4,3,4,5,4,3,4,4,4,2,4,I feel they should add newer technology into their toys,67e1dc9c35b6facf1079fb30,,4 (Agree),284,56.69%,4 (Agree),244,48.70%,4 (Agree),204,40.72%,4 (Agree),113,22.55%,,,,,,
q_062,R_6IyNXmdeMeITBOz,10/21/25 12:51,10/21/25 13:04,807,1,1,2,3,2,2,2,"2,4,5",,2,1,5,4,3,6,barbie,4,4,4,2,4,4,4,4,4,4,5,1,3,6,4,2,5,87,1,4,4,4,5,5,5,5,100,90,89,80,90,89,5,4,5,4,4,4,4,5,3,3,5,because of the good quality basically good value for money,65c121703758b1e73a54fe8e,,5 (Strongly agree),183,36.53%,5 (Strongly agree),235,46.91%,5 (Strongly agree),203,40.52%,5 (Strongly agree),43,8.58%,,,,,,
q_063,R_5qEEfQlBekIWTG6,10/21/25 13:02,10/21/25 13:05,162,1,1,2,5,1,2,3,"3,6",,3,2,4,5,1,6,,5,4,5,2,4,4,3,4,2,2,4,1,3,4,5,6,2,86,1,4,2,4,2,1,6,2,89,87,86,88,3,85,4,3,3,4,2,2,3,5,1,3,5,It classic items you grew up with that will last a very long time,6680b6b7c8f890d0ba3d546d,,,501,,,,,,,,,,,,,,,,
q_064,R_1axx2p3KVgFmb0p,10/21/25 13:02,10/21/25 13:05,172,1,1,1,2,1,2,2,"1,2",,2,1,4,5,3,6,,4,5,4,1,5,4,5,5,4,3,4,4,1,2,3,5,6,86,3,4,5,4,5,5,6,6,85,90,94,84,57,92,5,4,4,5,3,3,3,5,1,3,5,Its memorable and simple. It is something that people haven't forgotten about and is a known brand. I trust it.,66463e4efb99fba5a67a010a,,,,,,,,,,,,,,,,,,,
q_065,R_1nC9E0zHaQ9xnR2,10/21/25 12:58,10/21/25 13:05,417,1,1,2,6,2,2,2,"1,3,4",,2,1,3,5,4,6,,5,5,5,1,5,5,5,5,5,5,5,3,1,4,2,6,5,100,3,5,5,5,4,1,5,4,100,100,100,70,11,100,5,3,3,5,3,3,3,5,1,3,5,Because little tikes toys are great for imagination play and less technology capabilities and more skill building .,65c1101b2b6edf21082420d5,,Q8: To what extent do childhood memories of your favorite toys influence your purchasing decisions today?,,,,,,,,,,,,,,,,,
q_066,R_17HBVxBpp6HKO0Q,10/21/25 12:59,10/21/25 13:06,375,1,1,4,6,1,1,4,"1,6",,3,1,5,6,2,4,Transformers,4,4,4,2,3,4,4,4,2,2,2,1,4,2,3,6,5,79,1,4,4,4,3,2,5,3,91,93,85,76,10,56,4,3,5,5,4,0,3,5,1,2,5,I’ve had several little tykes toys as a parent and as a child. I wouldn’t hesitate to recommend,6629420d3647f9216b335c64,,Response,Count Formula,,,,,,,,,,,,,,,,
q_067,R_5xu0N99HDiq3vDr,10/21/25 13:03,10/21/25 13:07,213,1,1,1,1,2,3,1,"1,2,3",,2,1,3,4,5,6,,5,5,5,1,5,4,5,5,5,2,4,3,1,4,2,6,5,86,5,5,5,5,1,1,5,4,100,100,100,88,0,100,5,1,5,2,1,1,1,5,1,3,5,"As someone who grew up playing with Little Tikes toys, I remember how I felt playing with them and I want my own child and other people's children to feel the same way I did.",67acf597c56cf9f78737f372,,Not at all,21,4.19%,,,,,,,,,,,,,,,
q_068,R_7aqzYXIhikSB0k6,10/21/25 13:05,10/21/25 13:08,177,1,1,3,4,2,2,2,"2,3",,1,2,4,5,3,6,,4,4,4,4,4,4,4,4,4,4,4,4,1,2,3,6,5,73,3,4,4,4,5,5,5,5,82,83,81,80,43,77,5,5,5,5,5,3,3,5,4,3,5,i have always been fond of this brand.,6564945a98aa29adc95a4672,,Slightly,96,19.16%,,,,,,,,,,,,,,,
q_069,R_3HFFu95vxV1XoQ0,10/21/25 13:03,10/21/25 13:08,289,1,1,2,3,2,2,1,"3,5,6",,1,2,3,4,5,6,,5,5,5,3,4,5,5,5,5,2,4,1,2,4,3,5,6,100,1,5,5,5,5,3,5,5,100,99,100,100,71,100,5,4,4,5,3,3,3,5,4,3,5,"No matter how hard I played with Little Tikes, they always worked and didn't fall apart. They're durable, attractive to kids and help them learn colors, shapes, motor skills and much more.",662bf98a6f25e5ccdce46ebc,,Moderately,167,33.33%,,,,,,,,,,,,,,,
q_070,R_62OVjAmH55cX9sL,10/21/25 13:04,10/21/25 13:09,296,1,1,1,4,1,2,1,4,,1,2,4,5,3,6,,3,4,4,3,2,3,4,2,3,2,3,4,5,1,2,3,6,62,2,2,3,4,3,3,2,4,44,64,66,53,33,54,4,4,2,2,3,4,4,5,1,2,5,because it did a good enough job when i was a kid,6636db94fa3ed150c2d78447,,Very,162,32.34%,,,,,,,,,,,,,,,
q_071,R_7wdBV7dg38y5UVo,10/21/25 13:05,10/21/25 13:09,222,1,1,1,4,1,2,2,"1,2,3,4,5,6",,3,2,4,5,1,6,,4,4,4,4,3,4,3,4,4,2,3,2,1,3,4,5,6,63,2,4,4,4,5,4,5,4,70,56,62,60,25,71,4,4,5,5,3,3,3,3,3,2,4,It’s above average quality,60fd6618f9a377f54dcdf318,,Extremely,55,10.98%,,,,,,,,,,,,,,,
q_072,R_6BprYeFeg0Ntfpv,10/21/25 13:05,10/21/25 13:09,245,1,1,2,6,2,1,2,"3,4,5",,4,1,2,5,3,6,,4,5,3,2,3,3,4,5,5,2,4,5,3,1,4,6,2,70,2,4,4,4,4,2,3,5,92,93,70,60,52,91,5,3,4,5,3,3,3,5,1,2,5,"Both of my children grew up on Little Tikes toys. They have always be around. They are safe, and interactive. My children love them.",5bd9f569eb22f2000183df4e,,,501,,,,,,,,,,,,,,,,
q_073,R_3ud8TU3IHq3OAAF,10/21/25 13:03,10/21/25 13:09,351,1,1,1,2,1,1,1,"1,4",,5,1,3,4,2,6,,5,5,4,1,4,5,4,4,5,4,5,2,5,1,6,3,4,75,5,4,5,4,5,5,4,5,90,100,80,100,77,100,4,5,1,2,4,3,1,3,3,1,4,I give it that score because its a great brand and I would want others to try it,671ce7ade7a5cd2edc847b94,,,,,,,,,,,,,,,,,,,
q_074,R_1wisqkgJz7gW72A,10/21/25 13:05,10/21/25 13:09,253,1,1,1,4,3,1,1,"1,2,4,5,6",,4,1,3,5,2,6,,4,3,3,3,2,5,4,4,5,1,2,2,4,3,1,6,5,27,5,4,3,3,3,1,4,3,81,80,75,76,0,31,4,3,5,4,3,3,3,4,4,2,4,Their toys are well made and fun!,5dd0dce9ed7ea418f59810e4,,Q9: How important are each of these qualities when choosing a toy brand for your child?,,,,,,,,,,,,,,,,,
q_075,R_5D09gR2p0rPytXt,10/21/25 13:07,10/21/25 13:09,172,1,1,1,3,1,2,1,4,,3,2,4,5,1,6,,4,4,4,1,4,4,4,4,4,3,2,2,3,1,4,5,6,86,2,4,4,4,3,2,5,3,67,70,81,59,24,91,4,2,2,5,2,2,2,4,1,3,4,I think they are essential young child toys,62b7a7e776f241c59cf27ac9,,Quality & Durability,4.27,,,,,,,,,,,,,,,,
q_076,R_7y2zJtr8cmNS3e2,10/21/25 13:01,10/21/25 13:11,582,1,1,3,4,1,2,3,"1,2,4,5,6",,1,2,5,6,3,4,Meissa and Doug,4,5,4,2,4,4,5,4,4,2,5,3,2,4,5,6,1,95,3,5,4,4,4,4,5,4,90,98,91,85,76,100,4,3,5,5,3,3,3,5,1,3,5,"Because Little Tikes has great products that my kids, and most kids seem to love.",674f558d9765fc4eddb03092,,Safety & Trust,4.5,,,,,,,,,,,,,,,,
q_077,R_1FrhhA2aH6CkF8Z,10/21/25 13:07,10/21/25 13:12,252,1,1,1,1,2,1,2,"1,2,3",,1,2,5,4,3,6,,5,5,5,2,4,5,5,4,5,1,3,2,1,4,3,6,5,100,5,5,5,5,4,1,5,4,80,79,90,90,10,100,4,5,3,4,3,3,3,5,1,3,5,The toys are extremely safe and reliable as well as educational.,6756716c18e4d36105a4febe,,Active & Imaginative Play,4.26,,,,,,,,,,,,,,,,
q_078,R_3bTu82FHQkgISTf,10/21/25 13:07,10/21/25 13:13,365,1,1,2,4,2,2,3,"1,3,4,6",,1,2,3,4,5,6,Mattel,5,5,5,1,5,5,4,5,4,2,5,4,5,2,3,6,1,80,4,5,4,4,2,2,5,2,88,89,88,92,21,59,4,5,5,5,3,3,3,4,1,2,4,I think Little Tikes targets a very young age demographic so isn't something that would attract all ages.,6751acc5dc78128951a34f1f,,Educational & Developmental Value,4.08,,,,,,,,,,,,,,,,
q_079,R_3rrbthSx3XaBtY0,10/21/25 13:08,10/21/25 13:13,319,1,1,2,3,2,2,2,"1,2",,1,4,3,5,2,6,,4,4,4,1,5,4,5,4,1,1,4,1,2,3,6,5,4,100,5,4,5,5,5,5,5,5,72,92,85,80,41,32,4,4,5,5,4,5,4,5,2,3,4,I’ve had good experiences with Little Tikes,67cf0c70aa43b13b6168ecbf,,Use of Technology,2.67,,,,,,,,,,,,,,,,
q_080,R_5Gv5ZINrKnd6enl,10/21/25 13:09,10/21/25 13:14,312,1,1,1,6,2,2,2,"1,2,4,5,6",,4,1,2,5,3,6,,5,5,5,1,4,5,4,5,5,2,3,3,5,2,1,6,4,70,5,4,4,4,5,3,2,3,99,90,100,80,10,80,5,4,4,3,3,3,3,4,4,2,5,"I love that their toys are so durable! I still see some from ""back in the day"" at yard sales and they're still in great shape.",571d62343e894e001390daa8,,My Childhood Memories,3.15,,,,,,,,,,,,,,,,
q_081,R_3RGixKZkJNTimKl,10/21/25 13:09,10/21/25 13:15,362,1,1,2,2,2,2,2,"1,3,4,5",,1,2,4,5,3,6,,4,4,5,5,4,4,5,4,4,4,4,1,2,5,3,4,6,74,1,4,5,4,5,4,5,4,61,51,59,67,70,73,4,3,4,5,2,2,2,5,1,2,4,good quality,6633be0fc2a425c586e5caf9,,,,,,,,,,,,,,,,,,,
q_082,R_6qJyI9AXGJnKakN,10/21/25 13:12,10/21/25 13:16,283,1,1,1,4,1,3,1,5,,3,1,5,6,4,2,hot wheels,4,4,4,4,4,4,4,4,4,2,3,2,1,4,5,6,3,91,3,4,4,4,3,2,5,5,63,78,89,80,19,100,5,3,3,5,3,3,3,5,1,3,5,these toys were part of my under 5 expereince. it helped shape me,63b727ff899db0b1392413ed,,"Q9: ""Quality & Durability""",,,"Q9: ""Safety & Trust""",,,"Q9: ""Active & Imaginative Play""",,,"Q9: ""Educational & Developmental Value""",,,"Q9: ""Use of Technology""",,,"Q9: ""My Childhood Memories""",,
q_083,R_3C47CxxawJp4Be8,10/21/25 13:11,10/21/25 13:17,404,1,1,3,2,2,2,2,"1,2,4,6",,1,2,3,5,4,6,,5,5,5,2,3,5,5,5,5,2,3,2,1,3,4,6,5,100,3,5,4,4,3,1,5,4,100,100,100,100,0,100,5,4,4,2,1,1,1,5,4,3,5,Little Tikes is nostalgic for me and has not changed much which makes me trust it more,59f22a9fd6380600018b2929,,Response,Count Formula,,Response,Count Formula,,Response,Count Formula,,Response,Count Formula,,Response,Count Formula,,Response,Count Formula,
q_084,R_3zo8CycWIWZeYp5,10/21/25 13:08,10/21/25 13:19,663,1,1,2,4,1,1,4,"1,2,3,4,5,6",,2,3,5,4,1,6,,4,4,4,4,4,4,4,4,4,4,4,2,1,3,5,6,4,79,3,4,4,4,5,5,5,5,90,80,89,90,88,90,5,5,5,5,5,5,5,5,1,3,5,The toys feel nostalgic and would make kids have more memories of their childhood,67ddcc6cfc53ee0415e0db0e,,1 (Not at all),1,0.20%,1 (Not at all),1,0.20%,1 (Not at all),1,0.20%,1 (Not at all),4,0.80%,1 (Not at all),109,21.76%,1 (Not at all),39,7.78%
q_085,R_1vdzn6yTToyLUzH,10/21/25 13:13,10/21/25 13:19,316,1,1,4,4,2,2,2,"1,2,3,4",,2,1,3,5,4,6,,4,4,4,2,3,5,5,4,4,2,2,2,1,4,3,5,6,80,5,4,5,4,4,3,4,5,93,93,92,84,67,78,5,5,5,5,3,3,3,5,1,2,5,Every Little Tike toy is safe to play with. They always give kids hours of play and imagination. All Little Tikes toys are very durable and can be used for years.,66404f7c39df6ec6f06106e4,,2 (Slightly),9,1.80%,2 (Slightly),13,2.59%,2 (Slightly),5,1.00%,2 (Slightly),20,3.99%,2 (Slightly),130,25.95%,2 (Slightly),113,22.55%
q_086,R_7ZSnWSoflRl2DHH,10/21/25 12:55,10/21/25 13:24,1734,1,1,2,5,1,1,3,"3,4,5",,2,1,4,5,3,6,,5,5,5,1,4,4,5,5,4,3,4,3,1,2,5,6,4,67,3,4,4,4,3,2,4,3,58,79,55,57,45,87,4,3,3,4,2,2,3,4,4,2,5,You know exactly what you are getting is something that you can relate with in your childhood,5c670a430d80fd00014264f9,,3 (Moderately),49,9.78%,3 (Moderately),31,6.19%,3 (Moderately),61,12.18%,3 (Moderately),98,19.56%,3 (Moderately),129,25.75%,3 (Moderately),151,30.14%
q_087,R_5fkPM0XqnRuzHOw,10/21/25 13:24,10/21/25 13:28,253,1,1,2,4,2,1,2,"2,3,4,5",,4,1,2,5,3,6,,5,5,5,2,4,5,5,5,5,3,2,3,2,4,1,5,6,85,3,5,5,5,4,2,4,1,63,92,92,66,4,97,5,1,1,5,1,3,1,5,2,2,5,Because its a known brand that has established history. Its affordable and has items for everyone,66d9869a4e9051cdf5d16fa3,,4 (Very),239,47.70%,4 (Very),146,29.14%,4 (Very),232,46.31%,4 (Very),190,37.92%,4 (Very),84,16.77%,4 (Very),131,26.15%
q_088,R_1tyB88MvlhtDTqS,10/21/25 13:27,10/21/25 13:33,319,1,1,1,2,2,1,2,"1,2,4",,3,2,5,4,1,6,,4,4,4,2,4,4,4,3,5,4,3,3,2,6,1,4,5,50,5,4,4,4,2,5,4,3,72,91,80,45,20,37,5,3,3,4,3,3,3,4,1,2,4,"They are quite traditional and classic toys! Not a 5 because they don't feel very innovative to me, but higher star amount because of how safe, durable, trustable, and nostalgic they are.",6111556d27f136bb7db6667d,,5 (Extremely),203,40.52%,5 (Extremely),310,61.88%,5 (Extremely),202,40.32%,5 (Extremely),189,37.72%,5 (Extremely),49,9.78%,5 (Extremely),67,13.37%
q_089,R_136BzxW7bAodiTv,10/21/25 13:26,10/21/25 13:36,594,1,1,3,6,2,1,1,1,,2,4,3,1,5,6,,4,3,4,4,4,4,5,5,4,3,4,3,1,4,2,5,6,71,4,4,3,4,5,6,5,5,69,80,61,70,70,80,3,4,3,3,3,3,4,5,2,3,5,because little tike is the best,678e6eb7170e3a5da7c4ab91,,,501,,,,,,,,,,,,,,,,
q_090,R_7sRO6Uh15IffTqq,10/21/25 13:08,10/21/25 13:39,1897,1,1,3,5,1,2,2,"1,2,3,4,5,6",,2,3,4,5,1,6,Hot Wheels,5,4,4,2,3,5,5,4,4,3,2,2,1,3,4,5,6,70,5,4,4,4,3,4,4,3,90,95,89,80,60,95,5,4,5,5,4,4,3,5,2,3,5,"Little Tikes combines high quality, safety, and durability with toys that encourage active and imaginative play. The brand also evokes fond childhood memories, making it both trustworthy and appealing for children today.",67d1af22429207c7c4bd0d63,,,,,,,,,,,,,,,,,,,
q_091,R_1N4eGGs5WJ1cGoU,10/21/25 13:37,10/21/25 13:40,166,1,1,2,4,2,2,3,"2,3",,2,1,3,5,4,6,,4,4,3,3,2,5,5,5,4,2,3,2,1,3,4,6,5,51,1,4,4,4,5,4,5,5,91,90,90,82,37,87,4,4,4,3,3,3,3,4,4,2,4,I like it and often buy,653d144d2e894446d55babdb,,Q10: Rank the attributes that best represent what toy brands should stand for in the future from most important = 1st to least important = 6th.,,,,,,,,,,,,,,,,,
q_092,R_134DZfICQXxzj8C,10/21/25 13:32,10/21/25 13:40,454,1,1,1,3,2,1,2,"1,3,4",,2,3,4,5,1,6,,5,5,5,3,3,3,4,4,3,3,3,2,3,1,4,6,5,100,3,5,5,5,4,3,4,4,82,76,63,78,25,95,4,3,4,5,3,3,3,5,1,3,5,Little Tikes is an exceptional brand and has given me amazing memories that I want to share with my child,663a5c30b165c43a88aac44f,,Quality & Durability,2.38,,,,,,,,,,,,,,,,
q_093,R_3laiRXUxtf43jdR,10/21/25 13:47,10/21/25 13:51,221,1,1,2,6,2,2,3,"1,2,3,4,5",,3,1,2,5,4,6,,5,5,5,5,4,5,5,5,5,3,4,3,1,4,2,5,6,27,5,4,4,3,3,3,6,6,80,98,71,73,46,30,5,3,3,5,3,3,3,4,4,2,5,It is a brand with heritage and history that is dependable and fun.,6535785fea3f8466589b948c,,Safety & Trust,1.99,,,,,,,,,,,,,,,,
q_094,R_3Li22mGtsu91FXm,10/21/25 13:49,10/21/25 13:54,274,1,1,2,4,2,1,2,"1,3,4,5",,2,3,1,5,4,6,,3,4,3,4,1,4,5,4,4,1,1,2,1,3,4,5,6,22,1,4,3,3,3,2,5,2,88,71,71,61,15,37,4,4,4,4,3,3,3,4,1,2,4,"I think it is classic, good quality, but doesn’t seem to bring much educational aspect",5fed6c9c0d786daf31f29f3d,,Active & Imaginative Play,3.06,,,,,,,,,,,,,,,,
q_095,R_79mrrw739rfLQ53,10/21/25 13:53,10/21/25 13:57,261,1,1,1,5,2,1,2,"1,2,3,4,6",,1,3,4,2,5,6,,2,4,5,2,3,3,2,4,3,2,4,3,6,2,1,4,5,50,3,3,4,2,2,4,3,4,30,59,20,65,64,89,5,2,2,5,1,1,1,5,2,1,5,I like little tikes because it reminds me of my childhood.,657c847339bbb2c8238df1c7,,Educational & Developmental Value,3.34,,,,,,,,,,,,,,,,
q_096,R_53gxAJUlLd9vcit,10/21/25 13:51,10/21/25 13:59,446,1,1,2,3,2,1,3,"4,5",,5,4,2,1,3,6,,5,4,5,4,2,4,5,5,4,4,5,2,1,5,3,4,6,81,1,5,4,5,4,4,5,5,91,82,68,66,97,50,3,2,5,4,5,5,5,5,2,3,5,Its a known brand that has durable and a variety of toys that have educational value.,67f1b8abe144ffdfc27d371a,,Use of Technology,5.33,,,,,,,,,,,,,,,,
q_097,R_5TuQaLatVNZTHlc,10/21/25 13:41,10/21/25 14:05,1438,1,1,1,4,2,1,3,"1,3,4,6",,4,2,1,5,3,6,,5,5,5,1,4,5,5,4,5,3,3,3,1,5,4,6,2,85,1,4,4,4,5,2,5,5,91,96,92,86,35,86,5,1,4,4,1,1,1,5,1,2,4,It is very reliable and durable.,678f02520df6c988ca6bdd85,,My Childhood Memories,4.9,,,,,,,,,,,,,,,,
q_098,R_1vCiQWM0w7zFxx7,10/21/25 14:02,10/21/25 14:06,206,1,1,2,4,1,2,4,"1,2,4,5",,1,3,2,4,5,6,,5,5,5,5,5,5,5,5,5,5,5,3,1,4,5,2,6,100,5,5,5,5,6,6,6,6,30,23,91,82,41,49,1,2,2,3,4,3,5,5,2,3,5,Its quality,67e97d506e0dfa7ff0b407c5,,,,,,,,,,,,,,,,,,,
q_099,R_5gUKAfu8g94eNWh,10/21/25 14:03,10/21/25 14:06,196,1,1,1,2,2,2,2,1,,2,1,4,5,3,6,,4,4,4,4,4,4,5,4,4,1,3,1,2,5,3,6,4,84,3,4,4,3,5,5,4,5,40,65,21,60,48,79,4,5,5,5,3,4,3,4,1,2,3,thats how i feel not so good but not so bad about the brand,67a8bfb2f846cd3ea9bcd898,,"Q11: When you see Little Tikes toys, to what extent do you feel a sense of nostalgia or fond memories?",,,,,,,,,,,,,,,,,
q_100,R_7fU34R7JxHQZQxb,10/21/25 14:01,10/21/25 14:18,983,1,1,2,6,1,1,2,"1,2,4,5,6",,5,4,1,2,3,6,,4,4,4,4,4,5,5,4,5,4,4,3,1,4,2,6,5,85,2,4,4,4,5,5,5,5,90,95,60,95,13,19,4,4,4,4,4,4,5,5,1,3,5,Little Tikes are good quality.,6781935f0fbff63cc8eb3595,,Nostalgia Score,70.73,,,,,,,,,,,,,,,,
q_101,R_1e2z9cq31zuGyLU,10/21/25 14:37,10/21/25 14:40,190,1,1,1,3,1,1,2,"1,2",,1,3,2,4,5,6,,5,5,5,5,5,5,5,5,5,1,5,1,2,5,4,6,3,100,1,5,5,5,2,1,5,3,89,90,82,66,18,100,4,2,2,3,1,1,2,5,1,3,5,"They gave me good memories, and I want that for my child.",606f9bca353fc36aba9ccb8b,,,,,,,,,,,,,,,,,,,
q_102,R_1IYP8SYgjBxoToU,10/21/25 14:37,10/21/25 14:43,359,1,1,1,4,1,3,2,"5,6",,3,2,4,5,1,6,,5,4,4,1,3,3,3,3,3,1,3,1,2,3,4,6,5,40,5,3,2,2,4,2,4,2,71,70,76,71,7,45,4,3,3,4,3,3,3,4,4,2,4,I think that Little Tikes makes toys that help children learn and use their imagination. They make quality toys that don't overly rely on technology and have been trusted for years.,5c1655c7ad682500017070d2,,Q12: Brand Representation,,,,,,,,,,,,,,,,,
q_103,R_7JdFsDcTPRdwgVj,10/23/25 7:54,10/23/25 7:57,160,1,1,1,4,1,2,2,"1,2,3,4,5,6",,3,2,4,5,1,6,,5,5,5,5,4,4,5,5,5,2,3,4,1,2,3,6,5,91,5,4,4,4,4,4,4,5,97,98,98,80,20,79,5,4,2,5,3,3,3,5,1,1,5,Great products for children,5be9e6959907dd00013bd3c6,,Response,Count Formula,,,,,,,,,,,,,,,,
q_104,R_5VCSSqlGZhP18mR,10/23/25 7:55,10/23/25 7:57,141,1,1,2,5,1,1,2,"1,2,3,4,6",,4,1,3,5,2,6,,5,5,5,1,5,5,5,5,5,1,3,2,1,4,5,6,3,82,1,5,5,5,4,3,5,4,100,100,100,100,36,100,5,5,5,5,5,5,5,5,3,2,5,Because they have long lasting safe toys.,5f3ebd568c429614c0f595e8,,1 (Quality & Durability),149,,,,,,,,,,,,,,,,
q_105,R_5Imm1E3XfDrm64x,10/23/25 7:54,10/23/25 7:57,201,1,1,1,5,1,3,3,"2,3",,4,2,3,5,1,6,none,4,4,3,4,2,3,4,3,4,3,2,2,1,5,4,3,6,34,1,3,3,3,3,4,2,2,79,80,60,50,40,50,5,3,5,5,3,3,3,4,2,2,4,"It a good product, it's just not the best",5eb29a3db97d6b0008d24a1a,,2 (Safety & Trust),68,,,,,,,,,,,,,,,,
q_106,R_5smK29PTeVKFcNW,10/23/25 7:54,10/23/25 7:57,209,1,1,3,6,2,2,3,"1,2,3,4",,1,3,2,5,4,6,,5,5,5,5,4,4,4,4,4,2,4,2,1,3,4,6,5,77,5,4,4,4,4,2,4,4,76,77,95,84,50,83,5,3,3,5,2,2,2,5,1,3,5,It's an excellent toy company for children,62a7c4d5266dfb89bf94fec8,,3 (Unlocking Family Memories),126,,,,,,,,,,,,,,,,
q_107,R_1Esmoke1nZ8SJhH,10/23/25 7:54,10/23/25 7:58,218,1,1,1,6,1,2,2,"1,2,3,4,5,6,7",,5,1,2,6,4,3,Mattel,5,5,3,5,1,4,4,4,5,1,1,4,3,2,1,5,6,15,3,3,2,2,2,1,6,2,94,94,52,52,4,31,5,1,1,5,1,1,1,4,4,2,3,"I don't think parents of very small children focus on one brand over another, once they are recognizable.",5f2de2dbf9dbae126ed085b0,,4 (Innovation & Developmental Growth),30,,,,,,,,,,,,,,,,
q_108,R_5V3xp134UnCmd6p,10/23/25 7:54,10/23/25 7:58,253,1,1,2,3,2,3,2,"2,4,6",,2,1,4,6,5,3,Melissa & Doug,5,5,5,1,5,5,5,5,5,2,3,1,2,3,4,6,5,90,3,5,5,5,2,1,6,5,100,100,85,80,1,87,5,5,5,4,5,3,1,5,1,3,5,"It's always been a trusted brand with both of my kids, and they have the most fun with all of their items!",666efed91a31f3c82021f11d,,5 (Active & Imaginative Play),128,,,,,,,,,,,,,,,,
q_109,R_5eXW6J1lOgqE3PH,10/23/25 7:55,10/23/25 7:58,233,1,1,4,6,2,2,3,"1,2,3,5",,1,2,3,5,4,6,,5,5,5,2,4,4,5,5,5,2,4,4,2,3,1,6,5,73,2,4,4,4,3,3,6,4,100,82,90,71,11,100,5,5,5,3,1,1,1,5,2,3,5,"I grew with little Tikes toys and now buy them for my 2 year old. They are educational, safe and so much fun to play with it",66c3366a3b5834b89124e85a,,,,,,,,,,,,,,,,,,,
q_110,R_1JVe7fTtmic2ziV,10/23/25 7:54,10/23/25 7:59,251,1,1,1,4,1,1,1,"1,2,3,4",,3,4,1,5,2,6,,4,4,4,3,2,5,5,4,3,3,3,2,3,1,4,5,6,30,5,4,4,4,5,3,4,3,88,79,94,42,26,65,4,4,3,4,3,4,4,5,2,2,4,I like that little tikes gave me a bit nostalgia making me give it a 4 rating here,5a4a94fef7b7bc00014e1462,,Statement (Q13),Average Score Formula,,,,,,,,,,,,,,,,
q_111,R_1CUPfrtRQcduPZv,10/23/25 7:55,10/23/25 7:59,229,1,1,2,6,2,2,1,"2,3,4",,3,1,2,5,4,6,,4,4,4,2,2,5,5,4,5,2,2,2,1,4,3,5,6,57,5,4,4,5,5,1,5,4,92,100,82,73,0,56,5,2,1,3,1,1,1,5,1,2,4,Some of the toys were ok but no great.,5f85f217f845b10f388f2ce7,,"""Little Tikes makes me feel nostalgic.""",4.1,,,,,,,,,,,,,,,,
q_112,R_3fZrv23DvVd4WjY,10/23/25 7:55,10/23/25 7:59,247,1,1,1,4,2,2,2,"1,2,4,5",,1,3,2,5,4,6,,4,5,5,3,2,5,5,4,4,1,2,2,1,4,3,6,5,100,3,5,4,5,3,1,6,3,100,100,90,89,0,99,4,3,5,5,5,5,1,5,1,2,5,Because I trust their toys and know them to be durable and safe.,6643a23e1668916a901333d9,,"""Nostalgia makes me more likely to buy Little Tikes products for my child.""",3.96,,,,,,,,,,,,,,,,
q_113,R_7v0MbiEVV7gAxMC,10/23/25 7:55,10/23/25 7:59,226,1,1,2,4,1,2,2,2,,3,1,4,5,2,6,,4,5,5,1,4,4,5,5,5,1,4,3,1,2,4,6,5,100,5,4,5,4,5,1,6,6,86,80,99,80,0,100,4,3,4,5,2,2,2,4,1,2,5,I've never had an issue with their toys for my kids plus I loved them as a child,66b2a6152d3083bbaccd3431,,"""Nostalgia makes me trust Little Tikes more than newer brands.""",3.94,,,,,,,,,,,,,,,,
q_114,R_12KlBg6cMJZj8JX,10/23/25 7:55,10/23/25 7:59,252,1,1,4,4,2,2,3,"3,5",,2,1,3,6,5,4,Mattel,4,5,5,2,2,5,5,4,4,1,2,1,2,4,3,6,5,28,2,3,2,2,4,1,5,2,98,96,70,70,0,30,3,3,3,4,1,1,3,4,4,2,5,Because I think the Little Tikes has some quality products that kids really enjoy.,55bcd160fdf99b1c4e4ae632,,,,,,,,,,,,,,,,,,,
q_115,R_7mh0jbhvaz3eQbE,10/23/25 7:55,10/23/25 7:59,231,1,1,3,4,1,2,2,"1,2,3",,3,2,4,5,1,6,,5,5,5,2,3,4,5,4,5,2,3,3,1,4,2,6,5,80,5,4,4,5,3,2,5,3,90,90,90,80,20,95,5,3,5,5,4,3,2,5,1,3,5,I am familiar with the brand and their products. I know that they can be trusted to provide a good solid product that will last.,62911a82ead4bc61607aa7d8,,"Q13: ""Little Tikes makes me feel nostalgic.""",,,"Q13: ""Nostalgia makes me more likely to buy...""",,,"Q13: ""Nostalgia makes me trust Little Tikes more...""",,,,,,,,,,,
q_116,R_1vl8cWPHHv9EzcE,10/23/25 7:57,10/23/25 7:59,139,1,1,4,4,2,1,1,"2,4",,2,3,5,6,1,4,,5,5,5,1,3,4,5,5,5,2,5,1,2,4,5,6,3,86,5,5,5,5,2,3,5,4,86,90,91,90,33,96,5,3,5,5,3,3,3,5,1,2,5,They are a great sturdy long lasting and safe brand.,5724d700386f1b0009e8c7c2,,Response,Count Formula,,Response,Count Formula,,Response,Count Formula,,,,,,,,,,
q_117,R_72ytpBdTVnXYY7j,10/23/25 7:55,10/23/25 7:59,253,1,1,2,3,2,3,2,"1,2,4",,2,1,3,5,4,6,,4,4,4,2,4,4,5,4,4,3,3,2,1,4,3,5,6,96,3,5,5,5,5,2,5,3,100,100,100,90,24,98,5,3,4,5,3,3,3,5,1,3,5,I remember playing with little tikes toys when I was a kid and it brings back such fond memories so I would definitely want my kid introduced to them too,66363a38fb334d3e1c100651,,1 (Strongly disagree),9,1.80%,1 (Strongly disagree),9,1.80%,1 (Strongly disagree),10,2.00%,,,,,,,,,
q_118,R_5KMJdTIX8f9XVIu,10/23/25 7:57,10/23/25 8:00,171,1,1,1,5,1,2,2,"3,4,5",,3,1,4,6,2,5,Hasbro,5,5,5,4,3,3,4,5,5,1,2,4,3,1,2,6,5,84,5,4,3,4,3,2,5,3,87,88,79,72,11,79,4,2,4,5,1,1,1,4,1,2,5,They are durable and timeless toys. Some of their toys are iconic.,5ade0203066c510001d42abf,,2 (Disagree),19,3.79%,2 (Disagree),31,6.19%,2 (Disagree),33,6.59%,,,,,,,,,
q_119,R_6EL5iUd3Apc6BVz,10/23/25 7:56,10/23/25 8:00,229,1,1,1,3,1,2,1,"4,5",,4,2,3,5,1,6,,4,4,3,3,3,3,3,3,3,3,3,3,4,1,2,5,6,90,3,4,3,4,5,4,4,4,75,79,80,80,69,83,4,2,2,4,2,3,2,4,4,2,5,They are good quality products that I remeber.,5e3ed80e3b4bab12efadf30f,,3 (Neither),29,5.79%,3 (Neither),70,13.97%,3 (Neither),75,14.97%,,,,,,,,,
q_120,R_1f7kRgM88gMmPyV,10/23/25 7:55,10/23/25 8:00,312,1,1,1,2,2,1,1,"1,4",,1,2,4,5,3,6,,5,5,5,2,5,5,5,5,5,3,5,4,1,5,2,6,3,100,3,5,5,5,2,1,5,5,87,88,100,100,58,100,3,2,2,3,1,1,1,5,1,3,5,It makes feel like my child is learning and becoming an amazing child,66e1f21a9cc4c3760fd23ce6,,4 (Agree),299,59.68%,4 (Agree),252,50.30%,4 (Agree),242,48.30%,,,,,,,,,
q_121,R_67BQBPtv1nsBcaM,10/23/25 7:55,10/23/25 8:00,314,1,1,1,4,1,2,3,4,,2,3,4,5,1,6,,4,4,4,4,4,4,3,4,4,3,4,1,5,2,3,6,4,34,5,4,3,3,5,4,4,4,76,59,71,62,34,59,4,3,3,5,3,3,4,4,3,2,3,"I remember them well from my childhood, but they just seem to be another toy to me. I do not have strong memories attached to them.",5ff591cba89e1b000bfb9852,,5 (Strongly agree),145,28.94%,5 (Strongly agree),139,27.74%,5 (Strongly agree),141,28.14%,,,,,,,,,
q_122,R_5EGvsvbxvSrWzDP,10/23/25 7:55,10/23/25 8:00,315,1,1,3,6,2,1,2,"2,4",,3,2,4,5,1,6,,4,5,4,1,4,5,4,4,5,5,4,2,3,5,1,4,6,69,4,4,5,5,5,5,6,6,89,84,95,99,70,79,4,5,4,5,5,4,4,5,4,3,5,quality,66cec5a3fdf1fe2c010e9971,,,501,,,,,,,,,,,,,,,,
q_123,R_6cbIj7YQ7yqjMCY,10/23/25 7:56,10/23/25 8:00,268,1,1,2,3,2,2,1,"5,6",,3,2,4,5,1,6,n/a,5,5,4,2,2,5,5,3,3,2,2,2,1,4,3,6,5,100,5,5,4,4,4,2,3,3,92,94,98,68,11,100,5,3,3,5,1,1,1,5,4,3,5,"I have a lot of fond memories of Little Tikes toys, but I know that they have also remained durable and fun for young kids in recent years. MY kids have enjoyed playing with Little Tikes toys and they have a lot of good options that any kid would enjoy.",58a5cf959e040a0001399f07,,,,,,,,,,,,,,,,,,,
q_124,R_7r2qbYhO6N6wzV1,10/23/25 7:55,10/23/25 8:00,283,1,1,1,6,1,1,1,2,,3,2,4,5,1,6,,5,5,5,3,3,3,4,4,3,2,3,1,2,4,3,6,5,77,1,5,4,3,5,2,6,3,91,90,80,80,21,100,5,3,3,5,3,3,3,5,1,2,5,I think Little Tikes is one of the best toy brands on the market,66e8b1b59be9621d5b1ecdb2,,,,,,,,,,,,,,,,,,,
q_125,R_1X7e9uGh1cMbhPx,10/23/25 7:57,10/23/25 8:00,169,1,1,1,2,2,2,2,"2,4,6",,2,1,4,5,3,6,,4,4,4,3,3,4,5,4,4,3,3,2,1,3,4,6,5,83,1,4,3,3,4,1,5,4,74,73,73,70,33,76,5,3,4,4,3,3,3,4,4,2,4,I think its a good brand and if it fits into what that parent is looking for id be happy to recommend it!,612ce742edb88d21e238bfed,,,,,,,,,,,,,,,,,,,
q_126,R_5czx947NGSdwdT9,10/23/25 7:55,10/23/25 8:00,313,1,1,2,4,1,2,3,"3,4,6",,4,1,3,5,2,6,,4,5,3,2,2,4,5,5,3,1,2,2,1,3,4,5,6,100,3,4,3,5,4,2,5,4,77,100,100,78,16,85,5,4,5,5,4,3,3,5,1,2,5,Love Little Tikes! It's been a great brand for years and I have nothing bad to say about it. My kids now have plenty of Little Tikes toys.,60a02459e21fcd96a30801c7,,,,,,,,,,,,,,,,,,,
q_127,R_72mMucnLAZzJ50J,10/23/25 7:57,10/23/25 8:01,237,1,1,2,6,2,2,1,1,,3,1,2,5,4,6,,5,5,5,1,4,5,5,5,5,4,4,2,1,4,3,6,5,51,4,5,5,5,5,3,5,5,100,99,60,50,14,69,5,5,2,5,2,2,2,5,1,2,5,they make fun long lasting toys,5cb2e89bc29be80001b13ed6,,,,,,,,,,,,,,,,,,,
q_128,R_5lSqyLdNvePNqiu,10/23/25 7:57,10/23/25 8:01,228,1,1,3,4,2,2,3,1,,1,3,2,5,4,6,,4,4,5,1,2,5,5,4,3,1,1,2,1,3,4,6,5,82,3,5,3,3,3,1,4,3,76,100,69,26,1,79,4,5,4,5,3,4,3,4,4,2,5,Because they build reliable toys that become childhood staples.,5f7a28b8bedcf2112ebd1289,,,,,,,,,,,,,,,,,,,
q_129,R_7kAJBp0uktsTjqP,10/23/25 7:55,10/23/25 8:01,345,1,1,2,4,2,3,2,"2,4",,2,1,3,5,4,6,,4,5,4,1,3,4,4,5,3,2,3,4,3,1,5,6,2,72,3,4,4,5,4,2,6,5,87,91,100,73,7,100,5,4,4,3,1,1,1,5,1,3,5,"These toys last generations, they can be handed down. They promote play that new technology discourages. They help children learn how to think on their own and play according to their imagination.",5d1b88dd6fb351001b70ae41,,,,,,,,,,,,,,,,,,,
q_130,R_1KiTs8vfS8I1iHD,10/23/25 7:55,10/23/25 8:01,350,1,1,1,3,1,2,4,"1,3,4",,3,2,4,5,1,6,,4,4,4,4,2,5,4,4,4,4,4,1,2,4,3,6,5,70,1,4,2,2,2,2,5,2,80,80,70,80,70,30,4,3,5,5,4,4,1,4,1,2,4,Well known brand,6337b9604370dd57643b81a0,,,,,,,,,,,,,,,,,,,
q_131,R_3ESuPkYSltmF1c3,10/23/25 7:56,10/23/25 8:01,323,1,1,3,5,1,2,3,"3,4",,3,4,2,5,1,6,,5,5,4,1,3,4,4,3,3,2,5,3,2,4,5,6,1,78,3,4,4,3,4,2,6,3,58,70,68,65,48,61,4,4,5,5,3,3,3,4,1,2,4,They are nostalgic,632dd45fb49858b31338c11c,,,,,,,,,,,,,,,,,,,
q_132,R_1dFdQck9IdgXZKI,10/23/25 7:56,10/23/25 8:01,309,1,1,4,4,1,2,2,"1,2,3,4,6",,1,2,4,5,3,6,,4,4,5,2,4,4,5,4,3,3,4,2,1,4,5,6,3,90,3,4,4,5,4,2,6,4,82,96,92,87,24,96,5,4,5,5,2,1,1,5,1,3,5,Little Yikes toys will last forever and they are great for active and imaginative play for your child which I think is exactly what kids need these days.,66c5e900e98b4d0d00fed9aa,,,,,,,,,,,,,,,,,,,
q_133,R_1qNDBStgiE9x4NJ,10/23/25 7:57,10/23/25 8:02,288,1,1,4,3,2,3,1,"4,7",Pinterest,2,1,3,5,4,6,,4,4,4,3,3,4,3,3,2,2,2,2,3,1,4,6,5,50,1,4,4,4,3,3,4,2,93,89,78,73,30,88,5,3,4,4,3,3,3,5,3,3,5,The toys hold up and last a long time,63ea4735e283a1670ea382f4,,,,,,,,,,,,,,,,,,,
q_134,R_5KfJcxRoagFBxk8,10/23/25 7:59,10/23/25 8:02,185,1,1,4,4,1,2,4,"1,4,5",,4,3,2,5,1,6,,5,5,5,2,5,5,4,5,5,3,4,3,4,1,2,5,6,100,5,5,5,5,4,3,5,5,100,86,100,79,25,91,5,3,5,5,3,3,3,5,1,3,5,I still have several toys that are over 20 years old and kids still love playing with them.,65c10795eb626271fd142360,,,,,,,,,,,,,,,,,,,
q_135,R_3SuZJpAdNNOls0v,10/23/25 7:56,10/23/25 8:02,347,1,1,2,5,2,3,2,"3,6",,3,1,2,6,4,5,Mattel,4,5,5,3,4,5,5,4,5,3,3,2,1,4,3,6,5,85,1,4,4,4,4,2,5,4,75,91,84,83,59,65,5,4,4,4,3,1,1,5,3,2,5,"Little tikes is safe, durable and fun. I remember things as a child and having fun. I think kids today could have fun with them too. I've purchased this brand for my kids",66706bf3288568808d36ff2c,,,,,,,,,,,,,,,,,,,
q_136,R_1LCfp5ilNoiXCRr,10/23/25 7:54,10/23/25 8:02,473,1,1,2,5,1,2,4,"4,5,7",ChatGPT,4,2,3,5,1,6,,4,4,4,2,2,4,2,4,2,2,1,2,4,1,3,5,6,72,1,4,3,4,3,3,4,3,76,73,65,61,20,53,5,3,5,5,3,3,3,5,1,2,5,I have Little tykes toys for my kids right now. I like them and would buy them again.,601e1253bbecc3279e4fb472,,,,,,,,,,,,,,,,,,,
q_137,R_5LhQAoVsrck98B6,10/23/25 7:58,10/23/25 8:02,233,1,1,2,4,1,3,2,"4,5",,2,1,3,5,4,6,,5,5,3,2,2,5,4,4,3,1,2,1,2,3,4,6,5,98,1,5,4,4,5,3,4,3,94,94,94,86,50,95,5,4,5,5,4,3,3,5,1,3,5,I have had positive experiences myself and with my kids.,5bc0cded8b8bfe000105ea82,,,,,,,,,,,,,,,,,,,
q_138,R_57HFQaF6naZfq3x,10/23/25 7:56,10/23/25 8:02,390,1,1,1,3,1,2,2,"1,3,4,6",,3,2,4,5,1,6,,4,4,4,2,3,4,5,5,4,2,3,4,1,2,3,6,5,48,5,4,4,4,3,2,4,3,80,86,93,78,25,63,4,3,3,5,2,2,3,5,1,2,5,Their toys are well made. They are tried and true and have been around for a while. They have a good product line for kids.,5fc3d41149c0c8728f07b95b,,,,,,,,,,,,,,,,,,,
q_139,R_16btFgiq09HdSIo,10/23/25 7:57,10/23/25 8:02,293,1,1,1,3,1,1,3,"1,2,7",reddit,1,2,5,6,3,4,nintendo,4,5,3,2,2,4,5,4,4,4,2,3,1,2,4,5,6,87,1,4,4,5,4,3,5,4,85,89,80,56,52,95,5,3,4,5,5,3,3,5,4,3,5,a good quality brand that produces decent toys that last and are fun.,5ddd99500f8d51d1ce9fd780,,,,,,,,,,,,,,,,,,,
q_140,R_7KC3Y5jzs92i8XY,10/23/25 7:56,10/23/25 8:02,400,1,1,1,6,1,2,3,"3,4",,4,2,3,5,1,6,,4,4,4,2,2,4,4,4,3,2,2,1,2,3,4,5,6,51,1,4,2,4,4,2,5,2,88,80,80,71,21,79,4,3,3,5,2,2,2,4,1,2,4,I like how durable the toys are,6609c596ac6ba651a47a15de,,,,,,,,,,,,,,,,,,,
q_141,R_7vCdVZGEB8UTPnH,10/23/25 7:59,10/23/25 8:03,232,1,1,3,2,2,3,2,"4,5,7",Reddit,2,1,5,6,3,4,Bratz,4,4,3,4,1,4,5,4,3,2,1,2,1,3,4,5,6,73,5,4,3,3,3,2,4,2,78,100,100,79,1,84,5,5,4,5,2,1,2,5,4,3,5,The products are mostly affordable and pretty good quality compared to other kids brands.,62b081fb6ecd4a2fce654a97,,,,,,,,,,,,,,,,,,,
q_142,R_1FeMPcIHnrfcLe1,10/23/25 7:58,10/23/25 8:03,299,1,1,2,4,2,2,3,"1,2,3,6",,1,3,2,5,4,6,,4,4,2,2,3,4,4,5,2,1,2,2,3,1,4,6,5,75,5,4,4,4,4,2,5,2,75,80,88,60,37,73,4,4,4,5,3,2,2,4,1,3,5,I have always had a positive experience both in memories of my childhood and watching my children engage with that brand of toys,57439a4354636a000d78639a,,,,,,,,,,,,,,,,,,,
q_143,R_6h6i6rmoW7LzXtI,10/23/25 7:59,10/23/25 8:03,210,1,1,2,6,1,2,2,"1,2,3,4,5,6",,4,1,3,5,2,6,,3,4,4,4,3,5,5,4,4,3,4,2,1,3,4,6,5,75,5,4,4,4,5,5,5,5,86,86,75,74,39,75,5,3,4,5,3,4,4,5,1,3,4,I liked their toys and thought other parents would like them as well.,66a8f82143da40a6b126975e,,,,,,,,,,,,,,,,,,,
q_144,R_5gMbUrHqBIgLWIy,10/23/25 7:59,10/23/25 8:03,212,1,1,1,4,2,2,3,"5,7",Podcasts,3,2,4,6,5,1,Barbie,4,4,5,2,2,5,5,4,3,1,2,1,2,3,4,6,5,54,3,4,4,3,2,2,4,2,79,80,62,52,1,73,4,3,2,5,2,2,2,3,1,2,4,It’s a classic nostalgic toy company we all grew up with. The items are durable and safe.,664dfa7dc9b2a0473cacdd81,,,,,,,,,,,,,,,,,,,
q_145,R_3ROqK5g3Xyy6gxm,10/23/25 7:54,10/23/25 8:03,525,1,1,4,2,2,3,1,"2,3,4,5",,2,1,3,5,4,6,,5,5,5,1,3,5,5,5,5,2,2,2,1,3,4,6,5,100,3,5,4,4,4,2,5,4,100,100,100,100,11,99,5,5,5,4,3,2,1,5,1,2,5,"I used to love Little Tikes as a kid, and I have even bought my child some of these toys",6550de88683355a74699844c,,,,,,,,,,,,,,,,,,,
q_146,R_7rxBv0abyRKRBTF,10/23/25 7:59,10/23/25 8:03,238,1,1,1,3,1,2,4,"1,2,3,4",,3,2,4,5,1,6,,5,4,4,5,3,4,4,3,5,1,3,4,3,5,1,6,2,12,5,3,2,2,1,5,1,1,0,13,29,0,0,11,4,3,3,5,3,3,3,2,2,1,2,My nostalgic memories of Tikes is cheap plastic that breaks.,5c8676deddda2d00012ad386,,,,,,,,,,,,,,,,,,,
q_147,R_700o4TIDLgyK13P,10/23/25 8:00,10/23/25 8:03,210,1,1,2,4,2,2,2,5,,2,1,3,5,4,6,,3,4,3,4,2,3,4,4,4,1,1,4,3,1,2,6,5,39,5,4,4,3,2,2,4,2,72,63,80,60,21,80,4,4,5,4,1,4,3,4,4,2,4,I haven't had a bad experience with them and think they offer some good toys that encourage imaginative play.,6405feae7d6321bfaaf793e8,,,,,,,,,,,,,,,,,,,
q_148,R_5tig3MbwDHLbOQ5,10/23/25 7:55,10/23/25 8:04,534,1,1,1,3,1,1,3,5,,1,3,5,4,2,6,,4,4,4,2,4,4,4,3,4,4,4,2,3,4,1,6,5,80,3,4,4,4,4,3,5,4,80,65,70,60,50,90,4,3,3,4,4,2,3,5,1,3,4,"I have a good and interesting memory of the little tikes. So from my memory of it, I would definitely recommend it and it is durable and a good toy.",67bcdb18c5a07dca6589a461,,,,,,,,,,,,,,,,,,,
q_149,R_5fuGH6jOYjZ7y34,10/23/25 7:59,10/23/25 8:04,267,1,1,2,4,2,2,3,"1,5,6",,3,2,4,5,1,6,,4,4,4,2,2,4,5,5,5,2,2,4,1,2,3,6,5,70,5,4,4,3,4,2,5,3,80,80,80,71,50,68,4,4,4,4,4,3,3,4,1,2,4,Little Tikes makes quality toys that are good for active play and imagination which is important developmentally in the toddler/early childhood years.,66c740207361f403840a7f2d,,,,,,,,,,,,,,,,,,,
q_150,R_5DtGRMjzwWV2erJ,10/23/25 7:59,10/23/25 8:04,272,1,1,2,4,2,2,3,"1,3,5,6",,1,2,4,5,3,6,,4,4,3,2,3,5,5,5,3,1,1,1,2,3,4,5,6,50,1,4,3,4,4,2,5,4,79,86,82,54,25,58,4,5,5,5,2,5,1,4,1,2,4,There are so many toy brands now. I’m more likely to recommend more modern brands,66ae409c57e9da97a04e4cc0,,,,,,,,,,,,,,,,,,,
q_151,R_7ohelGJP9SGBDG4,10/23/25 7:57,10/23/25 8:04,437,1,1,1,3,2,2,1,"1,2,3,4,5,6",,1,2,3,5,4,6,,5,5,5,3,4,4,5,5,4,2,2,2,1,4,3,6,5,88,2,5,5,5,2,5,4,2,93,95,88,75,9,22,5,4,3,2,3,3,2,5,2,3,5,"I have always liked Little Tikes traditional look, they were a fundamental part of my childhood and I like to incorporate them into my child's play as well",666559e634fffd1ce19ba654,,,,,,,,,,,,,,,,,,,
q_152,R_3j2MIYQXLyvMQ9E,10/23/25 7:55,10/23/25 8:05,578,1,1,2,4,2,1,3,"1,3,4,7",Reddit,2,1,5,6,4,3,Mattel,5,4,4,2,2,4,4,3,3,2,2,1,2,3,4,6,5,65,2,4,4,4,5,1,5,4,80,80,80,75,29,65,5,4,5,4,3,4,3,5,1,3,5,"We've had a lot of Little Tikes toys, and they are great quality.",65d96fc2ab41c5ce72f1c545,,,,,,,,,,,,,,,,,,,
q_153,R_5FxOYAq58DV43Tz,10/23/25 8:00,10/23/25 8:05,297,1,1,1,6,1,3,2,"1,4,5",,2,1,3,5,4,6,,5,5,4,2,3,4,5,5,5,2,3,4,1,2,3,6,5,69,5,4,4,3,2,2,4,4,51,59,56,50,22,78,4,4,4,3,3,3,3,4,4,2,4,"Little Tikes is a good brand, but not quite 5 stars, as there are better",66523ea3c5a3fea71ff6d977,,,,,,,,,,,,,,,,,,,
q_154,R_1BP2pL6BeKjzonj,10/23/25 7:55,10/23/25 8:05,581,1,1,2,5,1,2,2,"4,5",,3,4,2,5,1,6,,4,4,4,3,2,5,5,4,4,1,2,2,1,4,3,5,6,78,1,5,4,4,3,1,5,3,100,92,84,90,10,60,4,4,4,5,3,3,3,5,4,2,5,"the toys have always felt durable and high quality, and safe for small kids.",5b9eddfed259900001106b05,,,,,,,,,,,,,,,,,,,
q_155,R_6cvVtvUFFGvuTrk,10/23/25 8:00,10/23/25 8:05,301,1,1,1,3,1,3,3,"5,6",,2,1,4,5,3,6,,4,5,4,2,2,4,5,5,5,3,2,4,1,2,3,5,6,80,2,4,4,4,5,4,2,4,86,95,95,81,41,90,5,4,3,5,4,3,3,5,1,3,5,Little Tikes and Lego were my childhood. Loved the mini basketball hoop. Just would also like to see some newer stuff too.,5c9aba66fc4fa1001351065b,,,,,,,,,,,,,,,,,,,
q_156,R_6eUA6JK5dGhLguI,10/23/25 8:01,10/23/25 8:05,262,1,1,3,5,1,3,4,"3,4,6",,2,3,4,6,5,1,Melissa and Doug,4,5,4,2,3,4,4,3,4,2,3,3,2,4,1,6,5,70,3,4,4,4,4,3,4,4,75,80,70,61,15,70,5,3,5,4,3,3,3,4,1,3,4,They make good quality toys. They might not be overly complicated but they are simple and kids love them.,59e7b0ab3e4b5a00016aa559,,,,,,,,,,,,,,,,,,,
q_157,R_3EVePmoH8mitbih,10/23/25 7:59,10/23/25 8:05,340,1,1,1,6,2,3,2,6,,2,1,3,4,5,6,,5,5,5,5,3,5,5,5,5,3,4,4,2,1,3,5,6,70,5,4,4,5,5,3,5,3,99,99,99,99,51,90,5,1,2,4,1,1,1,5,1,3,5,because i like little tykes,62979d6078be475dbbcb0149,,,,,,,,,,,,,,,,,,,
q_158,R_5F4ZuQKAjLQiXS1,10/23/25 7:55,10/23/25 8:05,584,1,1,2,3,2,2,1,"5,7",,1,2,3,4,5,6,,3,4,4,3,4,4,4,2,3,1,2,2,1,4,3,6,5,67,2,4,3,4,4,2,4,3,100,86,73,54,9,80,3,4,4,4,1,1,5,5,1,3,5,Little tikes for years has been a staple of my own childhood as well as both of my children's,66edbb3c2849a0e422516ccb,,,,,,,,,,,,,,,,,,,
q_159,R_1LFL7mXP6LdRlE0,10/23/25 7:56,10/23/25 8:05,527,1,1,1,6,2,3,2,"4,5",,2,1,4,5,3,6,,4,4,4,2,4,5,5,5,5,3,3,2,1,4,3,5,6,100,1,4,3,4,4,2,5,4,97,100,84,84,73,78,5,3,4,5,2,2,1,5,4,3,5,It is a long- trusted brand that makes sturdy products for young children.,6715ae375af67cf364ef48dc,,,,,,,,,,,,,,,,,,,
q_160,R_3Cj8M1DnVfgh3ug,10/23/25 7:58,10/23/25 8:05,409,1,1,2,6,1,2,2,"1,2,3,4",,3,2,4,5,1,6,,5,5,5,2,4,4,5,4,4,3,4,5,1,2,3,6,4,100,5,5,5,5,4,3,5,4,91,80,100,90,70,91,5,4,4,5,2,2,2,5,4,3,5,Little Tikes encourages active and imaginative play.,66536bcd1febb9fc714b6922,,,,,,,,,,,,,,,,,,,
q_161,R_1dSD8Lz9rZBAYvi,10/23/25 7:58,10/23/25 8:05,431,1,1,2,4,2,2,1,"1,2,3,4",,2,1,4,5,3,6,,5,5,5,2,4,5,5,5,5,2,1,2,1,4,3,6,5,39,1,4,4,5,5,1,5,4,100,100,100,100,7,54,5,3,5,4,3,3,3,5,1,3,5,"Little Tikes toys are a hit with their colorful design and the durability is like no other. I have toys from when I was younger that my kids are able to play with to this day due to the durability. They prices are great, and overall I love Little Tikes!",67ad135340401bf2ed4b7e11,,,,,,,,,,,,,,,,,,,
q_162,R_3qIKC27RkVwyglX,10/23/25 7:59,10/23/25 8:05,370,1,1,3,2,2,2,2,"1,2,3,4,5,6",,1,2,4,5,3,6,,4,4,4,1,4,4,5,4,5,2,3,2,1,4,3,6,5,97,5,5,5,4,2,2,5,5,85,92,94,79,18,89,5,2,5,4,4,4,2,5,4,3,5,I love the products and trust the brand more than others.,67acfd6eadd8bbe1ad499de8,,,,,,,,,,,,,,,,,,,
q_163,R_5n7rOroVhkHjDnO,10/23/25 8:03,10/23/25 8:06,190,1,1,2,2,2,1,4,"1,2,4,5,6",,3,2,4,5,1,6,,4,4,5,3,3,3,5,5,5,5,5,5,2,3,1,6,4,64,3,4,4,4,5,5,5,5,44,19,60,47,36,73,5,4,3,1,3,3,3,4,1,2,4,"It worked really well when I was a kid, and I loved playing with the products.",606be651a89a7baf6141e8b9,,,,,,,,,,,,,,,,,,,
q_164,R_3uNFrqeRqBXuphm,10/23/25 8:00,10/23/25 8:06,345,1,1,1,6,2,2,1,"4,6",,6,1,2,5,3,4,,1,1,1,5,1,5,5,5,5,5,5,1,2,3,4,5,6,0,5,1,1,1,3,4,2,3,50,50,100,50,49,51,4,2,3,5,3,3,3,3,1,2,3,My child doesn't really care for this collection.,583b397f54686200010f1d20,,,,,,,,,,,,,,,,,,,
q_165,R_6u6b8nXNsH7lLwJ,10/23/25 8:00,10/23/25 8:06,343,1,1,1,2,2,2,1,"1,2,3,4",,2,1,3,5,4,6,,4,4,5,2,4,5,5,4,5,4,5,2,1,4,3,5,6,82,3,4,3,4,3,3,4,4,89,89,54,67,13,90,4,2,4,4,2,2,2,4,1,2,4,I grew up with little tikes. And I want my child to have the same fondness of memories like I do,61119d87915f1fc896a52108,,,,,,,,,,,,,,,,,,,
q_166,R_3PBdJIrt00bEE8h,10/23/25 8:00,10/23/25 8:06,353,1,1,1,2,2,3,2,"1,6",,2,1,4,5,3,6,,4,5,4,2,4,4,4,5,3,1,3,3,2,1,4,6,5,90,2,4,5,5,3,1,5,3,90,90,85,70,5,90,5,3,5,5,3,4,2,5,1,3,5,I like the brand and it has lasted through the test of time. It's proved itself to be a trusted brand over and over.,674cef607d6743e2ea091d2b,,,,,,,,,,,,,,,,,,,
q_167,R_1KYPgrnqypVfnHT,10/23/25 7:57,10/23/25 8:06,553,1,1,2,5,1,2,2,"3,5",,3,1,2,6,4,5,,2,4,5,2,4,3,4,3,4,1,4,2,1,3,5,6,4,80,1,5,4,4,4,1,5,3,70,72,72,72,6,83,5,4,5,4,1,1,1,5,1,2,5,They don't break so they are very good quality,6765bcb79fbd620b26b702f2,,,,,,,,,,,,,,,,,,,
q_168,R_5P61ud9URM4N9cn,10/23/25 8:02,10/23/25 8:06,276,1,1,3,6,1,2,3,"3,5,6",,3,2,4,5,1,6,,4,5,4,4,4,4,5,5,5,2,3,3,2,1,5,6,4,89,3,5,4,5,5,5,6,5,63,83,90,85,31,45,5,3,3,5,2,2,3,5,1,3,5,It was always a favorite of mine and the products last forever,663139cbb8723d403f4e7fc8,,,,,,,,,,,,,,,,,,,
q_169,R_6j8Xe510Z6fUwyG,10/23/25 8:04,10/23/25 8:07,195,1,1,3,3,1,3,1,"3,4",,1,2,3,4,5,6,,4,4,5,5,3,4,4,4,4,4,5,1,2,3,4,5,6,69,5,4,4,4,3,4,4,4,83,88,81,87,94,96,5,5,5,5,5,5,5,5,3,2,5,It's always been one of the top competitions in toys,678f46cd0f21903076471f34,,,,,,,,,,,,,,,,,,,
q_170,R_50Gzm1vf8zwb1qb,10/23/25 8:02,10/23/25 8:07,296,1,1,4,4,2,2,2,"1,2,3,4",,2,1,3,5,4,6,,5,5,5,1,5,5,5,5,5,2,5,2,1,3,4,6,5,95,5,4,4,5,5,3,5,3,96,95,97,98,43,97,5,5,5,5,3,5,3,5,4,3,5,These toys will last families. My parents have handed down toys to my kids who have been used now by 4 babies and toddlers.,60e498712f548b22f3ec7c65,,,,,,,,,,,,,,,,,,,
q_171,R_7QkaiXgequKJl4d,10/23/25 7:59,10/23/25 8:07,503,1,1,2,4,2,3,3,4,,2,3,4,6,5,1,"Polly pocket, littlest pet shop, grand champions horses",4,4,3,2,1,3,3,3,3,1,1,1,2,3,4,5,6,45,5,4,3,3,2,2,4,3,57,64,66,69,11,40,4,3,5,2,1,1,1,4,4,2,4,I’ve bought the toys before and given away to others to enjoy because my kids outgrew them,66fd7c4879ac53a02c9082ed,,,,,,,,,,,,,,,,,,,
q_172,R_6r2oGbtM6H5IyTN,10/23/25 8:00,10/23/25 8:07,395,1,1,1,3,2,2,4,"1,5,6,7",Reddit,3,1,4,5,2,6,,4,4,4,2,5,4,5,4,4,3,3,2,1,3,4,6,5,78,1,5,4,4,2,2,5,3,79,80,68,67,19,75,5,3,4,5,3,3,3,5,3,3,5,These are tried and true products that have stood the test of time and I know they are great products from not only my daughters love of them but my love of them as a kid,5de847efd0e07e7b5f97ef76,,,,,,,,,,,,,,,,,,,
q_173,R_5jVTrbN2mav6WGf,10/23/25 8:04,10/23/25 8:08,248,1,1,3,5,2,3,2,"1,4,5,6",,3,1,2,5,4,6,,5,5,5,2,3,5,5,5,4,2,3,2,1,3,5,6,4,83,1,4,4,4,4,2,6,4,95,95,95,80,4,88,5,5,4,5,1,1,1,5,1,3,5,I love how durable and timeless Little Tikes toys are. They help a child use their imagination when playing and away from screens.,56901f4c7d961b000b96ef53,,,,,,,,,,,,,,,,,,,
q_174,R_1EFslUNlYXGTZUa,10/23/25 8:04,10/23/25 8:08,250,1,1,1,5,2,3,1,"2,3,5",,2,1,3,6,5,4,Mattel,5,4,3,1,2,5,5,4,4,1,3,2,4,3,1,6,5,87,1,5,5,5,4,1,4,4,100,100,100,100,11,100,4,3,5,4,1,1,1,5,1,3,5,nostaligia. they have also been around for so long. they are a leader in the toy business,66572d13d17105148da59264,,,,,,,,,,,,,,,,,,,
q_175,R_7HbEnurshWqMNhp,10/23/25 8:04,10/23/25 8:08,226,1,1,1,5,1,2,3,"3,4,5,6",,5,3,2,4,1,6,,5,5,4,3,5,5,5,4,4,2,4,2,1,3,5,6,4,75,1,4,4,2,4,1,5,3,80,90,70,40,5,70,5,3,1,5,2,2,3,4,1,3,4,"Little Tikes toys tend to be timeless, in my opinion. Like the little basketball hoop and such. Fun to play with, isn’t going to break, and perfectly safe. I had that exact one when I was a kid and I loved it so much.",63d3fac5cefbcf3878ef6be4,,,,,,,,,,,,,,,,,,,
q_176,R_14zp64r8FICQV8Z,10/23/25 7:56,10/23/25 8:08,763,1,1,3,3,2,3,1,"3,4",,2,1,4,5,3,6,,4,4,5,3,3,4,5,4,4,1,3,3,2,1,4,5,6,51,5,4,3,3,5,3,5,4,100,79,100,82,10,46,5,1,1,5,1,1,1,5,1,2,5,There toys are usually strong and durable. They keep babies and toddlers active and engaged.,65c11c2532bccb95dd86fcf1,,,,,,,,,,,,,,,,,,,
q_177,R_5c26BWwLkLThO4J,10/23/25 8:00,10/23/25 8:09,489,1,1,3,3,2,2,3,"1,3,7",pinterest,5,4,1,2,3,6,,4,4,3,3,1,4,4,4,5,1,1,2,3,4,1,6,5,9,2,2,2,3,4,2,5,4,72,72,76,80,53,9,3,2,5,2,1,5,3,3,4,2,3,It's a good brand and very affordable,6732689b071105385ed35bbf,,,,,,,,,,,,,,,,,,,
q_178,R_5ETsBGg1m3C7IWd,10/23/25 8:03,10/23/25 8:09,334,1,1,3,2,2,2,2,"1,3,4",,3,1,4,5,2,6,,4,5,4,4,3,4,5,4,3,2,3,2,1,3,4,5,6,100,2,5,4,5,3,2,5,3,97,98,69,52,8,100,5,3,3,5,1,1,2,5,1,3,5,"Little Tikes is well-known for having quality and safe, durable products that are appealing to kids.",5b71d8c1ddd1aa00012ca0df,,,,,,,,,,,,,,,,,,,
q_179,R_39NQI45yRCjEICZ,10/23/25 8:00,10/23/25 8:09,501,1,1,2,5,2,2,2,"1,2,3,4",,2,1,3,5,4,6,,4,4,4,2,4,5,5,5,5,3,3,2,1,3,4,6,5,100,3,5,5,5,4,3,5,4,100,100,100,80,50,100,5,4,4,5,4,4,4,5,1,3,5,Their toys are good quality and have been around for decades.,5eac8b777b60c8129709fc10,,,,,,,,,,,,,,,,,,,
q_180,R_640GhLvdDx5LeHl,10/23/25 7:57,10/23/25 8:09,727,1,1,1,3,1,2,2,"1,2,3,4",,3,5,1,4,2,6,,5,4,5,4,4,4,5,4,4,5,4,4,1,5,6,3,2,80,2,5,4,4,4,5,5,4,80,90,70,80,90,69,4,2,3,4,3,4,3,2,3,2,5,"“I gave a 5 because Little Tikes toys are durable, safe, and fun for kids of multiple ages.”",672c7f537c4a19882d6f9e15,,,,,,,,,,,,,,,,,,,
q_181,R_7eadImGIxDneZg8,10/23/25 7:58,10/23/25 8:09,679,1,1,1,3,1,2,3,"3,4,5,6",,3,2,4,5,1,6,,1,5,4,1,4,5,5,5,5,3,4,5,2,4,1,6,3,80,4,4,4,4,4,3,5,5,79,78,89,81,74,70,5,5,5,5,4,4,3,5,4,3,5,I trust their products because they are incredibly durable and have been classics for generations.,681fb4307ad889766965fc3b,,,,,,,,,,,,,,,,,,,
q_182,R_5JhkOf9PNC9a2lw,10/23/25 8:03,10/23/25 8:10,403,1,1,3,4,1,2,3,1,,3,1,2,6,4,5,Nerf,4,4,3,3,2,4,5,4,4,2,2,2,1,3,4,6,5,35,5,3,3,3,3,2,5,3,86,92,93,93,43,74,5,5,3,5,4,3,3,5,1,3,5,They have lots of classic toys that are good for development.,6293f40cb830603d3dbe5d9a,,,,,,,,,,,,,,,,,,,
q_183,R_5lsBIjbuiqHYLFL,10/23/25 8:01,10/23/25 8:10,568,1,1,3,6,1,3,3,"1,2,5,6",,4,2,3,5,1,6,,5,5,5,1,4,5,5,5,5,3,4,2,1,3,4,6,5,68,1,4,4,3,4,3,5,5,89,90,79,79,50,70,5,4,5,5,2,2,3,5,1,2,5,I still have some toys from my first child that are in wonderful condition. They have held up after 3 rambunctious kids played with them as well as their cousins and friends.,676f3d0f406358d0f37a55e6,,,,,,,,,,,,,,,,,,,
q_184,R_3K9hir5PcSCjWxo,10/23/25 8:00,10/23/25 8:10,599,1,1,2,5,2,2,3,"1,3,4,5,6",,4,1,2,5,3,6,,4,4,4,2,3,4,5,4,4,3,3,2,1,3,4,5,6,84,4,4,4,2,4,2,4,2,100,100,91,90,49,58,5,3,5,5,3,3,3,5,1,3,5,It's been around for so many years and is very durable and good quality. My son's little tykes toys have withstood the weather and all kinds of wear and tear so I highly recommend.,66bcaed65bd344af8264c25f,,,,,,,,,,,,,,,,,,,
q_185,R_56be2CQyqa88klR,10/23/25 8:06,10/23/25 8:11,257,1,1,2,4,1,2,3,"4,6",,2,1,4,5,3,6,,4,5,4,2,3,4,5,4,3,3,3,2,1,3,4,6,5,85,3,5,4,4,3,2,5,4,80,85,90,50,40,90,5,4,4,5,3,3,3,5,1,3,5,It's a great brand that I have such great memories with.,62ec6694c12a233950f64486,,,,,,,,,,,,,,,,,,,
q_186,R_3YFAl3u2iN9zjW3,10/23/25 8:07,10/23/25 8:11,208,1,1,4,3,2,2,2,"4,5",,2,1,3,5,4,6,,4,4,2,5,1,5,5,5,5,2,1,2,1,3,4,5,6,26,1,1,1,4,2,5,2,1,92,98,80,71,18,51,5,4,4,4,3,3,3,5,4,2,5,Its a good trusted brand and their products last a long time.,5deaac8dff7f711d9032fa94,,,,,,,,,,,,,,,,,,,
q_187,R_6VrTSYyH45IMkh3,10/23/25 8:00,10/23/25 8:11,662,1,1,1,3,1,1,2,"1,2,3,4,5,6",,2,3,5,1,4,6,,5,5,5,1,4,5,5,5,5,5,5,2,1,3,5,4,6,43,2,4,4,4,5,5,5,5,70,88,71,83,67,83,4,3,4,4,5,4,5,4,3,3,5,because personally i feel like this companies has my best interests as a parent at hand and it is concerned for my kid,67a95d468d14bd6324b4bbba,,,,,,,,,,,,,,,,,,,
q_188,R_1uGgJYRjFMXG0qB,10/23/25 8:03,10/23/25 8:11,443,1,1,2,4,2,3,3,"1,2,3,4,5,6",,2,1,3,5,4,6,,4,4,4,2,3,4,3,4,3,2,2,2,1,3,4,6,5,89,3,4,4,4,4,2,5,4,90,80,90,80,10,90,4,4,4,4,3,3,3,4,1,2,5,They are great toys that last. They give a chance for imagination play.,663535092da8dabd3868c8d9,,,,,,,,,,,,,,,,,,,
q_189,R_7kA4HTXrxst5Oni,10/23/25 8:04,10/23/25 8:11,431,1,1,1,5,2,2,3,"2,5,6",,3,2,4,5,1,6,,4,4,5,2,3,5,5,5,5,2,4,2,1,3,4,6,5,30,5,4,4,4,2,2,5,5,49,58,81,80,40,50,4,3,5,5,3,5,3,4,3,2,4,I would mainly suggest it because we own a Dream Machine and my 3 year uses it regularly.,62b07ac53b83bf0683eda6b6,,,,,,,,,,,,,,,,,,,
q_190,R_7lrcZFc7Gu6EOqy,10/23/25 8:03,10/23/25 8:11,464,1,1,4,6,2,2,1,"1,2,5,6",,2,1,3,5,4,6,,3,4,3,2,2,4,5,4,3,1,1,1,2,3,4,5,6,89,3,4,2,4,3,3,4,2,71,65,65,70,19,94,4,4,4,5,3,3,3,4,1,2,4,There products are durable and safe,5f4a4da1575d605c43bef871,,,,,,,,,,,,,,,,,,,
q_191,R_3mBCUqxnLZUBMZj,10/23/25 8:01,10/23/25 8:11,645,1,1,2,5,2,1,1,"1,3,6",,2,1,3,5,4,6,,4,5,5,2,3,4,4,3,4,3,3,3,1,4,2,5,6,84,4,4,4,4,4,3,4,3,72,79,80,84,72,79,5,3,4,3,3,2,2,4,2,3,5,I have confidence in this brand because of the years of reliable products,5c7fb5dfba9d5600120bce5f,,,,,,,,,,,,,,,,,,,
q_192,R_5EmLnmjmzG0ciIr,10/23/25 8:08,10/23/25 8:12,222,1,1,4,3,2,3,2,"1,3",,1,2,3,6,4,5,,4,4,4,3,4,5,4,4,3,1,2,1,4,2,3,6,5,74,5,4,3,4,4,1,5,3,79,81,80,71,23,74,4,3,5,5,1,1,1,5,1,3,5,You can depend on these toys.,667ac0c9f5f745894f2e4b17,,,,,,,,,,,,,,,,,,,
q_193,R_5IRcDzkn2CupJtx,10/23/25 8:08,10/23/25 8:12,263,1,1,1,1,1,2,1,5,,1,2,5,4,3,6,,3,4,4,3,3,3,4,4,4,4,4,3,1,4,2,6,5,49,1,4,4,3,5,4,4,3,59,70,60,70,80,69,3,2,2,3,2,2,3,4,1,3,4,Because I can see the quality of each product look so interesting,6787a08f833432d68ed30764,,,,,,,,,,,,,,,,,,,
q_194,R_5jXhwXu3XIbZgjL,10/23/25 8:00,10/23/25 8:12,745,1,1,4,4,2,1,1,"3,4,7",Common knowledge,4,3,5,6,2,1,Mattel,4,5,4,3,4,5,5,4,4,1,3,2,1,3,4,5,6,70,1,4,4,4,4,3,4,4,98,100,97,100,18,68,5,5,3,5,5,4,5,5,1,3,5,I've always had good experience with Little tikes toys and they last the kids love to play with them and they are safe and bring back memories of my own.,66233613c3fb174da0b521ce,,,,,,,,,,,,,,,,,,,
q_195,R_1VPAyfzYYNE03ix,10/23/25 8:06,10/23/25 8:13,383,1,1,1,6,2,2,2,"1,2,3,4",,1,2,3,4,5,6,,4,5,5,2,4,4,4,4,4,3,4,1,2,3,4,5,6,94,3,4,4,3,3,1,5,4,83,92,91,95,98,97,5,3,3,5,3,3,3,5,4,2,5,Great toys and great playtime,63bd0327f50b98c5d4f9c628,,,,,,,,,,,,,,,,,,,
q_196,R_6rZvzDqk7bCt4Q6,10/23/25 8:10,10/23/25 8:13,159,1,1,1,3,2,2,4,"1,2,6",,4,1,2,5,3,6,,4,5,5,3,3,5,5,4,4,2,2,2,1,3,4,6,5,100,1,5,5,5,3,1,5,3,100,90,100,68,19,100,5,3,3,4,1,1,1,5,1,3,5,All of the toys are very durable and safe and simple. You don’t need a lot of fancy technology or updates. These are classic and timeless toys that still are pertinent today.,6102ced1a983f0479d576146,,,,,,,,,,,,,,,,,,,
q_197,R_1sXDJpDsYlfclAe,10/23/25 8:02,10/23/25 8:13,623,1,1,4,5,2,2,3,"1,3,4,6",,2,1,4,5,3,6,,2,4,3,2,2,4,4,4,4,1,2,2,4,1,3,6,5,11,2,3,3,4,3,2,4,2,58,72,68,70,25,35,5,5,5,5,4,3,3,5,1,2,4,"It’s a fine brand, but nothing earth shattering. It’s good for standards.",5fa0adf677c87511c18c2475,,,,,,,,,,,,,,,,,,,
q_198,R_7VxcQQsu7NtrlOj,10/23/25 8:01,10/23/25 8:13,710,1,1,1,3,2,1,1,"2,6",,2,3,4,5,1,6,,5,5,5,5,3,4,4,5,4,2,3,4,2,3,1,6,5,100,3,4,4,4,2,2,2,2,49,49,94,71,38,95,4,4,4,5,4,4,4,4,1,2,4,It could be more durable,65c1501098be0f409188762f,,,,,,,,,,,,,,,,,,,
q_199,R_3ZDlJbsVcXe1IvG,10/23/25 8:09,10/23/25 8:13,257,1,1,2,2,1,2,2,"5,6",,3,2,4,5,1,6,,4,4,5,2,4,2,5,3,4,2,4,5,1,4,2,6,3,86,3,5,5,4,2,1,5,2,86,100,100,80,10,100,4,2,3,5,1,1,2,5,1,3,5,"I have many fond memories of Little Tikes toys from my childhood, so I would recommend that brand to others",67059bab62b875241f1ecb11,,,,,,,,,,,,,,,,,,,
q_200,R_6PBWWWbQHhJHVf9,10/23/25 8:06,10/23/25 8:13,429,1,1,2,4,1,3,1,"1,3,4,5",,3,2,4,5,1,6,,4,5,3,4,3,5,2,4,3,3,3,1,6,2,4,3,5,69,1,4,5,4,3,3,5,4,89,79,88,50,30,70,5,2,1,5,2,2,2,5,1,2,4,It is a classic toy brand that has its place in a developing child's life. That little red push car with yellow doors. Everyone had that.,616c9115b3a3d2f885822a57,,,,,,,,,,,,,,,,,,,
q_201,R_7ABFoZ6yMCVCWkN,10/23/25 8:10,10/23/25 8:13,184,1,1,1,4,1,1,3,"6,7",Reddit,4,1,3,5,2,6,Micromachines,4,4,3,4,3,3,4,4,3,1,2,2,1,3,4,6,5,62,3,4,4,4,3,1,5,3,77,80,78,65,47,64,5,4,4,5,3,3,3,5,1,2,5,My daughter has several little tykes toys and enjoys them,5f4c1e40b977c21142f78adc,,,,,,,,,,,,,,,,,,,
q_202,R_1rvXpzCBnK3T15y,10/23/25 8:09,10/23/25 8:14,299,1,1,4,6,2,1,2,"1,5",,2,1,3,5,4,6,,4,5,5,3,5,4,5,5,5,2,4,3,2,1,4,6,5,91,2,4,5,5,5,3,5,5,81,95,80,91,40,79,5,2,4,4,1,1,1,5,1,3,5,Little tykes have a simple design that allows children to master the game,5e35e01b5bfa43595d69621d,,,,,,,,,,,,,,,,,,,
q_203,R_1XKPyOZ8bMCHtdL,10/23/25 8:08,10/23/25 8:14,362,1,1,2,3,2,3,2,"2,3",,1,2,4,6,3,5,,4,4,4,3,3,4,4,4,4,1,3,1,2,3,4,6,5,70,3,4,3,3,4,2,4,3,85,90,100,95,5,15,5,4,5,5,3,3,1,4,2,2,5,Little Tikes was always great quality.,6722ae0741429fa41d8893db,,,,,,,,,,,,,,,,,,,
q_204,R_7aPmRhSj3q7Hz3P,10/23/25 8:11,10/23/25 8:14,190,1,1,2,3,2,2,4,"1,2",,2,1,4,5,3,6,,4,5,4,1,5,5,5,4,4,1,4,2,1,3,4,6,5,83,3,5,5,5,5,2,5,4,100,100,79,51,32,100,5,5,4,4,3,4,2,5,1,3,5,My daughter has tons of little tykes toys that she has played with from the time. She was very small through being a toddler.,66463e778636102042187c9c,,,,,,,,,,,,,,,,,,,
q_205,R_6DAXBO5IWVtWl3w,10/23/25 8:11,10/23/25 8:15,231,1,1,2,4,1,2,2,"1,4,5,6",,4,2,3,5,1,6,,2,2,3,4,1,4,5,5,4,1,1,2,1,3,4,5,6,33,5,4,2,2,2,1,5,2,69,92,72,41,13,36,5,3,3,5,1,3,3,4,2,2,4,"I think little tikes is still very well known and everyone recognizes it so I don't feel like I would need to give a recommendation which is why I didn't rate 5 stars, but I wouldn't be unwilling to give one so I at least went with a 4",5ba596467c0ebe0001269842,,,,,,,,,,,,,,,,,,,
q_206,R_6mQ795rR62C1UDs,10/23/25 8:11,10/23/25 8:15,202,1,1,1,4,1,1,3,"1,2,4",,1,2,5,3,4,6,,4,3,4,4,4,3,2,4,4,3,3,1,2,3,4,5,6,68,5,4,4,3,4,5,4,5,77,49,89,75,67,56,4,3,4,4,4,3,3,4,1,3,4,Because Little Tikes is one of the best out there,655c5ad8f1a19dc5535007a4,,,,,,,,,,,,,,,,,,,
q_207,R_6MJZEs8yhTrEHLs,10/23/25 8:10,10/23/25 8:15,302,1,1,2,3,2,2,3,"2,4",,2,1,3,5,4,6,,5,5,4,2,2,5,5,5,5,1,2,2,1,4,3,6,5,50,1,5,4,4,4,1,5,4,100,99,61,41,50,79,5,3,5,4,3,5,3,4,1,2,5,It's a dependable brand that all children love,62ac706d8544dbe5a81b4212,,,,,,,,,,,,,,,,,,,
q_208,R_61zxa2rCiyLoLWB,10/23/25 8:05,10/23/25 8:15,620,1,1,4,3,2,1,2,"1,2,4,7",Reddit,2,1,4,6,5,3,Disney,5,5,5,1,5,5,5,4,3,4,5,1,2,5,6,4,3,100,3,5,5,5,5,5,4,5,100,100,100,80,10,100,5,5,5,5,5,4,4,5,2,2,5,"I trust Little Tikes to be safe and fun for children. Little Tikes toys last a long time and are worth the cost. Children love Little Tikes, especially my children.",57d0badf28d5250001bdd9d2,,,,,,,,,,,,,,,,,,,
q_209,R_7KC868pSYhPlNSk,10/23/25 8:13,10/23/25 8:15,135,1,1,1,4,2,3,3,"3,5,6",,2,1,4,5,3,6,,4,4,4,3,3,5,5,5,5,1,2,2,1,3,4,5,6,57,3,5,5,5,4,2,5,4,61,82,84,69,37,84,5,5,5,5,5,1,1,5,1,2,5,"Their affordable, durable, and sometimes you can find them in good shape used.",66295b26b2e0d8ba215aa47f,,,,,,,,,,,,,,,,,,,
q_210,R_51dMNQpQWvFZjNv,10/23/25 8:05,10/23/25 8:15,604,1,1,1,4,1,1,3,4,,3,1,5,4,2,6,,4,4,3,3,1,3,4,4,3,1,1,3,1,2,4,5,6,39,3,4,1,1,3,2,4,2,76,74,73,35,0,42,4,3,4,4,3,3,3,4,4,2,3,I am neither likely nor unlikely to recommend to other parents.,605bc8caf9e0b0f799baf6da,,,,,,,,,,,,,,,,,,,
q_211,R_1EgHrM05fAz9ryS,10/23/25 8:12,10/23/25 8:15,192,1,1,1,4,1,2,2,"1,4,5,6",,4,2,3,5,1,6,,4,4,3,5,3,4,5,3,3,4,5,1,2,3,5,6,4,75,3,4,3,5,3,2,5,3,82,76,91,53,18,83,4,3,3,4,3,3,3,5,1,2,4,It's nostalgic and very durable.,673a1f66368c82eee565ec18,,,,,,,,,,,,,,,,,,,
q_212,R_7dvHuWos1wihhmx,10/23/25 8:12,10/23/25 8:15,234,1,1,1,5,1,1,4,"5,6",,4,1,2,5,3,6,,4,4,3,4,3,4,5,5,4,2,2,2,1,3,4,5,6,52,1,4,3,3,4,2,5,2,86,88,82,77,9,55,5,3,4,5,3,3,3,5,1,2,4,their products are imaginative and reliable and safe,676325864a29c405dab887a0,,,,,,,,,,,,,,,,,,,
q_213,R_1t3Dtjvb4B17Xiz,10/23/25 8:12,10/23/25 8:16,220,1,1,1,4,1,2,3,"3,4",,4,1,2,5,3,6,,4,4,4,3,3,4,5,4,3,1,2,3,1,2,4,6,5,38,1,4,4,4,4,2,5,3,79,83,61,50,20,41,4,3,3,3,2,2,2,3,4,2,3,It feels like a middle of the road company.,60ec54c58f88686dadb1a0c9,,,,,,,,,,,,,,,,,,,
q_214,R_5GrCLwEWmffHT69,10/23/25 8:13,10/23/25 8:16,166,1,1,2,4,2,2,2,"1,3,4,5,6",,2,1,3,5,4,6,,5,5,5,1,4,5,5,5,5,3,5,2,3,1,4,6,5,100,3,5,5,5,4,2,4,4,100,100,100,100,39,100,5,3,5,5,2,2,2,5,4,3,5,"I enjoyed using Little Tikes toys as a child, and have also chosen them for my children. Both of my children love and adore them and don't need high tech toys to be impressed.",5b133bf71e55760001b9f8de,,,,,,,,,,,,,,,,,,,
q_215,R_1LXCc4p47CumV3r,10/23/25 8:11,10/23/25 8:16,319,1,1,4,6,1,3,2,6,,4,2,3,5,1,6,,2,4,2,4,2,3,3,2,3,2,2,3,1,4,2,6,5,27,1,2,2,2,3,2,4,2,75,75,49,50,10,50,4,3,4,5,3,3,3,4,3,2,4,I have good memories of their toys from my childhood.,66d8790772c9e0e4ee96259c,,,,,,,,,,,,,,,,,,,
q_216,R_3JF2tgFZUko85nA,10/23/25 8:12,10/23/25 8:16,264,1,1,1,5,2,2,1,"2,3,6",,1,3,2,5,4,6,,5,5,4,1,3,5,4,4,5,1,4,1,2,3,5,6,4,70,1,5,4,2,4,1,6,4,100,69,70,83,14,96,5,2,2,5,1,1,1,5,1,3,5,Little Tikes are made with quality ingrediants. I have seen some toys last over 20 years,5c7075f618126000010d4c97,,,,,,,,,,,,,,,,,,,
q_217,R_77M8VNeOuTpZJiV,10/23/25 8:12,10/23/25 8:16,242,1,1,3,4,2,3,1,"1,5",,3,1,4,6,5,2,Mattel,5,5,4,1,2,4,2,5,1,1,2,1,4,2,3,6,5,100,3,5,5,5,4,1,6,4,100,99,100,100,28,99,5,2,5,5,1,1,1,5,1,2,5,Little Tikes fosters creative play and imagination and not everything has to be tech forward.,5d9c67b131544d00101daef1,,,,,,,,,,,,,,,,,,,
q_218,R_1cGtRvmmqpvr14t,10/23/25 8:13,10/23/25 8:16,212,1,1,1,4,2,2,4,"1,3,4",,2,1,3,5,4,6,,4,4,2,2,2,5,5,4,4,3,1,1,2,4,3,5,6,35,1,4,2,2,4,4,3,2,66,51,61,83,34,46,4,4,5,5,3,3,2,4,2,2,4,Little Tikes toys are classics that often times last a long time rather than those cheap toys from Amazon.,66580db4d6c1b95db128bc15,,,,,,,,,,,,,,,,,,,
q_219,R_1w4ABclV0LMHYJS,10/23/25 8:12,10/23/25 8:16,227,1,1,1,4,1,1,3,1,,4,2,3,5,1,6,,4,4,4,5,4,3,4,4,4,2,2,4,1,2,3,5,6,23,3,4,4,4,4,1,5,4,84,89,90,56,8,23,4,1,1,5,1,1,1,3,1,2,4,I would but not knowing any of their current stuff,5fb97228ff45687f38da7813,,,,,,,,,,,,,,,,,,,
q_220,R_115YuJIi2wbYBlV,10/23/25 8:11,10/23/25 8:16,333,1,1,3,6,2,2,4,"1,2,4,5",,3,1,2,5,4,6,,5,5,4,2,3,4,5,4,3,3,3,1,2,3,5,6,4,90,2,5,4,4,4,3,5,5,81,100,84,63,48,100,5,4,3,4,3,2,3,5,1,2,4,I grew up with Little Tikes toys and have very fond memories of the playtime involved. I also purchase them for my own children and they always love using the toys. The toys are well made and long lasting where I feel some of the newer brand toys are cheaply made and don't last long,67e80fd6ef19882569cf49d3,,,,,,,,,,,,,,,,,,,
q_221,R_1fjeI4r9eC9IIcz,10/23/25 8:12,10/23/25 8:16,248,1,1,1,3,1,1,3,"4,7","X, Reddit",4,3,5,6,2,1,Pokemon,4,5,3,1,2,4,4,5,4,2,1,3,4,1,2,5,6,32,3,4,4,4,2,1,4,2,58,87,35,19,0,97,4,3,3,5,3,3,3,4,4,2,4,"Because I enjoyed little tikes as a kid and know that the products are good, but maybe they are not for everyone.",66bd14ed87bac9e4decbe3f7,,,,,,,,,,,,,,,,,,,
q_222,R_3IPOxSPHwm0i7Ly,10/23/25 8:10,10/23/25 8:16,413,1,1,3,6,2,3,2,"3,4",,3,1,2,5,4,6,,4,4,4,4,3,2,3,3,3,2,2,5,4,1,2,3,6,39,5,4,3,3,5,2,4,5,83,78,68,63,56,61,4,4,3,3,3,3,3,4,4,2,5,products that last and kids will always love,666f22eec99c2f9c3a47b74d,,,,,,,,,,,,,,,,,,,
q_223,R_3qCLroQ32vt3CUY,10/23/25 8:10,10/23/25 8:17,432,1,1,3,5,1,2,4,"1,5,6",,2,3,4,5,1,6,,4,4,3,3,3,4,4,4,4,1,2,3,2,1,4,6,5,72,5,4,4,4,3,1,4,3,80,90,89,60,3,90,5,2,4,5,1,1,1,5,1,2,5,"I vividly remember playing with Little Tikes toys and loving it, so I have positive feelings about the brand.",664e1a71d20f44f2ffe39360,,,,,,,,,,,,,,,,,,,
q_224,R_6ZoldkGIjgWBz3j,10/23/25 8:15,10/23/25 8:17,141,1,1,2,4,1,1,4,"1,2,3,4",,4,1,2,5,3,6,,5,4,5,5,4,5,5,4,5,4,4,1,3,6,5,4,2,68,5,5,4,4,5,6,6,5,80,89,83,70,92,91,4,3,4,5,3,4,4,5,1,3,5,I love their toys and the variety of active imagination that it allows you to experience.,59ea4e1116ecc200016ff81e,,,,,,,,,,,,,,,,,,,
q_225,R_6ixAJ7DFDTWJwD7,10/23/25 8:06,10/23/25 8:17,656,1,1,4,4,2,2,1,"1,2,3,4,5",,1,2,4,6,3,5,step 2,5,5,5,2,4,4,4,5,4,2,4,3,2,1,5,6,4,90,1,5,5,5,4,2,5,2,90,90,85,75,40,90,5,4,4,4,3,3,1,5,3,3,5,"it's a timeless brand, the toys i grew up playing with are still being used today since they are very durable and good quality. The toys are still very relevant today as they have great toys for imaginative play of things we still use today like cars and play kitchens",60fc828f90e7be230f078723,,,,,,,,,,,,,,,,,,,
q_226,R_6jVPiPIZkAM7Zsd,10/23/25 8:11,10/23/25 8:17,359,1,1,3,6,1,2,3,"3,4,5",,3,1,2,5,4,6,Tonka,5,5,4,2,4,5,5,4,3,1,4,2,4,1,3,6,5,81,5,4,5,4,2,2,4,3,80,79,78,63,14,78,5,3,2,5,2,2,2,5,1,3,5,"Some of them are iconic, especially the car, the tike mobile, it's instantly recognized,I think I even saw it duplicated in a Red Bull soapbox race. They're durable and safe, encourage kids to be active and think and play",672a4909b6dfbe6ba024ddeb,,,,,,,,,,,,,,,,,,,
q_227,R_6VRKJX89F5AxTTb,10/23/25 8:16,10/23/25 8:17,107,1,1,1,3,1,1,3,"2,3",,3,2,4,5,1,6,,4,4,4,4,3,4,3,4,4,3,4,4,2,5,1,3,6,79,3,5,4,4,4,5,3,4,78,49,68,73,38,80,5,2,2,5,2,2,2,4,2,2,4,I enjoyed their products as a child.,62c3b1a4336684ef3487547e,,,,,,,,,,,,,,,,,,,
q_228,R_7gvy3Wp54AFYvEC,10/23/25 8:12,10/23/25 8:18,349,1,1,2,6,1,2,1,"3,4,6",,2,1,4,5,3,6,,4,4,5,2,3,4,4,3,3,2,3,2,1,4,3,5,6,72,1,4,4,3,4,3,4,2,75,60,62,51,41,67,4,3,2,4,2,2,2,4,1,3,4,Little tykes toys have great durability and quality and they are timeless so I would recommend them even though I really don’t recommend that I’m just not really that kind of person but I guess I would,667871d17d7fdf0358f82a28,,,,,,,,,,,,,,,,,,,
q_229,R_343TVG712eD9ZOp,10/23/25 8:14,10/23/25 8:18,200,1,1,2,5,2,2,4,6,,2,1,3,5,4,6,,4,5,5,2,3,3,4,5,5,1,3,4,3,1,2,6,5,86,3,5,4,4,5,3,5,3,86,90,93,92,50,90,4,4,3,4,3,3,3,4,4,2,5,I think it's a classic childhood brand that makes universally appealing toys,667ab64e047d4032dcc8be52,,,,,,,,,,,,,,,,,,,
q_230,R_6IwGgCGxOefcXwl,10/23/25 8:12,10/23/25 8:18,374,1,1,2,6,2,2,3,"1,2,3",,1,3,4,5,2,6,,4,4,4,4,3,4,4,4,4,3,3,2,1,3,4,5,6,76,4,4,4,4,3,2,4,2,79,78,67,76,52,77,4,4,4,5,3,3,3,4,1,2,4,Because of the quality and the safety of the toys,6676fca70ff43a4932511b1c,,,,,,,,,,,,,,,,,,,
q_231,R_3ThUhN9bMFaTpZv,10/23/25 8:14,10/23/25 8:18,245,1,1,1,3,1,1,2,7,Books,4,2,3,5,1,6,,4,4,4,2,2,3,4,4,4,3,3,4,2,1,3,6,5,64,5,4,3,3,3,1,5,6,62,66,68,67,19,49,3,2,3,5,2,2,2,3,4,2,3,"It’s big chunky plastic, they know what it’s good for already",67461d4d0e1f14c52691668e,,,,,,,,,,,,,,,,,,,
q_232,R_1M2RKVS4QJEyc6t,10/23/25 8:14,10/23/25 8:18,257,1,1,2,6,2,3,3,"3,4,5,6",,2,1,3,5,4,6,,5,5,5,4,3,5,5,5,5,2,3,2,1,4,3,6,5,51,2,4,4,4,4,2,5,5,80,91,91,81,60,80,3,3,2,3,2,2,2,4,1,3,5,They are sturdy toys that stand the test of time. They never go out of style.,563e5abecbd4c60005dc9153,,,,,,,,,,,,,,,,,,,
q_233,R_6y6r2xuR8XRDmBb,10/23/25 8:12,10/23/25 8:19,414,1,1,1,3,1,2,2,"1,2,3,4,5,6",,4,2,5,3,1,6,,4,5,4,2,4,4,5,4,4,4,4,4,1,5,6,2,3,89,5,4,5,4,4,5,4,4,70,82,85,79,86,91,4,4,3,5,4,4,4,5,1,3,5,because i feel very connected,67ee3bce2fd293df8bc0c77a,,,,,,,,,,,,,,,,,,,
q_234,R_3PaZB0UZMHFA8Il,10/23/25 8:12,10/23/25 8:19,440,1,1,4,4,2,2,4,6,,3,1,2,5,4,6,,4,5,4,2,3,5,5,4,3,1,3,1,2,4,5,6,3,81,1,4,4,3,4,1,5,3,100,90,89,78,11,79,5,1,3,5,1,1,1,5,1,3,5,They make high quality and safe toys for toddlers and young children.,5f0b7f45bd7f5a0e21a8b561,,,,,,,,,,,,,,,,,,,
q_235,R_6sSafBd3JuEfvQw,10/23/25 8:11,10/23/25 8:19,482,1,1,2,4,2,2,2,"1,3,4",,1,2,3,5,4,6,,5,5,3,3,3,3,4,5,5,2,2,4,3,1,2,5,6,80,1,4,3,3,3,2,5,4,99,99,99,69,49,85,5,3,5,5,3,3,3,5,1,2,5,They make very good toys that will hold up.,6643c412ed568375e3bf349c,,,,,,,,,,,,,,,,,,,
q_236,R_6a1ghtH5xvCp2RX,10/23/25 8:16,10/23/25 8:19,174,1,1,2,5,1,2,4,"1,3,5",,2,1,3,5,4,6,,5,5,5,5,3,4,5,4,4,2,3,1,2,4,3,6,5,86,1,5,4,4,3,4,5,3,91,82,66,67,39,79,4,2,3,5,2,1,2,5,1,3,5,Great products that are well made and solid. They have lots of creativity in them and allow children to grow and learn in new ways.,63e53d570132a56f38a678ee,,,,,,,,,,,,,,,,,,,
q_237,R_7yDH4dE4HStv2rD,10/23/25 8:15,10/23/25 8:19,271,1,1,2,4,2,2,2,"1,2,3,4",,2,4,3,5,1,6,,5,5,5,2,4,5,5,5,5,2,4,1,5,2,4,6,3,90,5,5,5,4,5,2,5,4,100,100,100,90,40,100,5,4,4,3,1,1,1,5,1,3,5,It has been a brand bought by my family for a long time. It is great quality that I know will last.,6675e329aeca56dd306cb6ca,,,,,,,,,,,,,,,,,,,
q_238,R_7d6oBLZ8tyaGg4D,10/23/25 8:06,10/23/25 8:19,797,1,1,2,4,1,2,4,"1,3,4,6",,2,1,4,5,3,6,,5,5,5,1,3,4,5,5,5,1,2,4,3,2,1,6,5,79,5,4,5,4,3,1,5,4,80,91,100,72,0,71,4,4,5,5,3,5,3,4,4,2,5,"I think there is something classic and has a sense of longevity as part of it. I remember playing with them, and I see no reason for that to change over time. Technology should be the last thing we use to give to our kids immediately. Let there imagination run wild instead.",62f557535db76f7f4ab860c7,,,,,,,,,,,,,,,,,,,
q_239,R_526EoPJsXWTEN0t,10/23/25 8:12,10/23/25 8:19,424,1,1,2,3,1,2,3,"1,2,3,4,5,6,7",,4,2,1,3,5,6,,4,4,4,2,2,4,5,4,4,4,4,1,2,4,5,6,3,65,1,4,4,4,5,4,5,5,50,73,80,89,77,89,4,4,4,5,4,4,4,4,3,2,4,"I chose neutral because I think Little Tikes is a reliable toy brand but not necessarily better or worse than others many brands make fun, safe toys for kids. I rated it 4 out of 5 for recommending because their toys are durable, colorful, and great for young children’s play and learning, so I’d likely suggest them to other parents.",67edcc919d3af49e1d8b40b1,,,,,,,,,,,,,,,,,,,
q_240,R_7fOTv01ZBzbKJGv,10/23/25 8:16,10/23/25 8:20,237,1,1,2,4,2,2,3,"2,4",,1,2,3,5,4,6,,3,4,4,3,4,4,5,3,4,3,4,2,1,3,6,4,5,65,2,3,4,3,4,5,4,4,50,70,57,38,52,48,5,4,4,5,4,4,4,5,3,2,5,Safe and nostalgic feeling,5ef558cec16df81bb0943005,,,,,,,,,,,,,,,,,,,
q_241,R_1zBYkw3sq4kVCoX,10/23/25 8:17,10/23/25 8:20,181,1,1,1,3,1,2,1,"5,6",,5,2,3,4,1,6,,3,3,4,4,2,4,4,4,3,2,2,1,2,3,4,6,5,27,5,2,2,2,2,2,4,2,80,69,87,57,3,11,5,3,3,5,3,3,3,4,1,2,3,Average child toys in my opinion,6556a01177d7a552a0819714,,,,,,,,,,,,,,,,,,,
q_242,R_7CZNZrREWkRUqJZ,10/23/25 8:16,10/23/25 8:20,239,1,1,2,4,2,2,2,"1,2,3",,2,3,1,5,4,6,,4,4,4,2,4,4,4,4,4,3,3,1,2,5,3,6,4,82,5,4,4,4,3,2,5,3,89,84,88,84,28,66,4,4,4,3,3,2,1,4,1,3,5,"They are high quality, simple, and safe for children.",66587c4637981e408edaf59a,,,,,,,,,,,,,,,,,,,
q_243,R_5rS4gLicaAKfgZz,10/23/25 8:15,10/23/25 8:20,309,1,1,1,1,2,2,1,"1,5,7",Reddit,3,2,5,6,4,1,Polly Pocket,4,4,3,2,2,4,5,4,3,1,2,2,1,3,4,5,6,65,5,4,4,3,4,1,5,2,87,97,100,100,3,23,5,4,5,4,4,4,3,5,1,3,5,I think the brand makes quality toys that are great for many ages. The toys encourage imaginative play and I like the simple and playful aesthetic.,60fdaf4b4555dabe6ea3d8e7,,,,,,,,,,,,,,,,,,,
q_244,R_10a0w8Xoy59QOVH,10/23/25 8:14,10/23/25 8:20,369,1,1,2,5,1,1,2,"1,2,3,4",,3,2,4,5,1,6,,4,5,4,4,5,4,5,4,5,5,5,3,2,1,4,5,6,52,2,4,5,4,6,6,5,6,100,82,93,86,90,91,4,4,4,5,4,3,3,4,1,2,4,it is what i feel and believe,676f8b5b07242dc7cacc43cc,,,,,,,,,,,,,,,,,,,
q_245,R_6rVg9Q7WLLnM7HM,10/23/25 8:12,10/23/25 8:20,483,1,1,1,4,1,2,4,"3,5",,3,4,2,5,1,6,,5,4,5,1,4,5,5,4,5,4,5,1,2,5,3,6,4,88,5,4,4,4,5,5,5,5,89,92,91,91,92,91,4,3,5,5,4,4,5,5,4,3,5,because the brand is good and safe,66e62716a40afa9a9b4d23c6,,,,,,,,,,,,,,,,,,,
q_246,R_7OBphEfEE1WhiA2,10/23/25 8:12,10/23/25 8:21,514,1,1,1,1,2,2,2,"1,2,3,4,5,6",,3,4,5,2,1,6,,5,5,5,1,4,5,5,4,4,5,5,5,1,3,6,4,2,100,3,4,5,4,5,4,5,5,88,90,96,96,96,100,4,4,3,5,3,4,5,5,1,3,5,these toys really remembered my past days,67f1f5ae37225c87ef8af243,,,,,,,,,,,,,,,,,,,
q_247,R_1MdoDfgTxbhkVAB,10/23/25 8:16,10/23/25 8:21,253,1,1,1,5,1,3,2,"5,6",,4,2,3,5,1,6,,5,5,4,2,3,5,5,5,4,4,2,3,1,2,4,5,6,50,1,4,4,3,4,3,3,2,90,88,70,70,30,60,4,3,4,5,4,3,3,4,4,2,3,"I have never had a problem with Little Tikes toys, but in fairness, I only had a couple of them myself growing up. I wouldn't go out of my way to recommend the brand, but if the topic of toys was brought up, I would likely give it praise.",5c65c3e3cd3764000144a322,,,,,,,,,,,,,,,,,,,
q_248,R_3n8VtgU6uj2S37D,10/23/25 8:15,10/23/25 8:21,317,1,1,3,6,1,1,1,"1,2,3,4,5",,4,2,5,3,1,6,,2,2,1,1,4,4,4,4,4,4,5,3,5,6,2,4,1,9,4,2,4,3,4,4,4,4,23,21,32,48,52,39,4,4,3,5,4,2,4,2,3,2,5,Their products have durability as well as innovation.,676213c42b2ea1a4506bdf1c,,,,,,,,,,,,,,,,,,,
q_249,R_6tsjaMa2hP1M9Ff,10/23/25 8:17,10/23/25 8:21,196,1,1,3,5,1,2,4,"1,3,5",,3,1,4,5,2,6,,4,4,4,2,3,5,5,5,5,4,5,1,2,3,4,6,5,50,3,4,4,4,5,5,5,5,80,80,80,90,51,89,5,4,5,5,4,4,4,5,1,2,5,it is very durable,668bf688d58206e61f399a88,,,,,,,,,,,,,,,,,,,
q_250,R_6hfM7vNxYjRW1Fl,10/23/25 8:13,10/23/25 8:21,477,1,1,1,1,1,2,2,"4,6",,2,3,4,5,1,6,,4,4,3,5,1,4,5,4,5,5,2,3,2,4,1,5,6,23,2,4,4,4,4,5,3,4,87,86,89,54,31,48,4,3,4,5,4,4,4,4,2,3,5,it is a brand that can be trusted,6728c6de354d8cf555f41110,,,,,,,,,,,,,,,,,,,
q_251,R_717rI1IMyx7TBXR,10/23/25 8:16,10/23/25 8:21,291,1,1,2,5,1,2,3,"1,2,3,4,5,6",,1,2,5,4,3,6,gi joe,5,4,5,4,4,5,4,5,5,4,5,2,3,4,6,5,1,70,3,4,5,4,5,4,4,5,61,48,59,82,73,60,5,4,5,4,3,4,5,4,3,3,4,Little Tikes makes very good products & my kids seems to love them a lot,6630dce33e1bb37a0f97ba92,,,,,,,,,,,,,,,,,,,
q_252,R_62DjlJDf0jIhorz,10/23/25 8:17,10/23/25 8:21,231,1,1,2,3,2,1,2,"1,2,4,6",,1,2,3,5,4,6,,3,4,2,3,4,3,3,3,5,4,2,2,4,3,5,1,6,49,2,4,4,2,3,4,4,4,40,61,46,59,47,53,4,3,4,5,3,3,4,3,2,1,5,They are high quality.,658400102871818387a49d0f,,,,,,,,,,,,,,,,,,,
q_253,R_51NPbu6PEDasm7I,10/23/25 8:17,10/23/25 8:21,246,1,1,3,6,1,1,4,"1,3,4,5,6",,1,2,4,5,3,6,,5,4,5,2,5,5,4,5,4,5,4,2,1,4,5,3,6,92,3,5,4,5,6,2,6,5,66,84,73,84,73,73,4,3,3,2,4,4,3,5,3,3,5,Little Tikes brings back lot of memories and they are very fun to play with and the kids would love it,66ced304d3b65fa7be3f69d1,,,,,,,,,,,,,,,,,,,
q_254,R_6d5ZOjPefUHXJ4N,10/23/25 8:11,10/23/25 8:21,639,1,1,3,5,2,2,3,"2,3,4,5",,1,4,3,5,2,6,,4,5,3,2,2,3,5,4,4,3,2,3,1,5,2,4,6,68,1,4,4,4,3,4,2,2,87,80,63,69,38,79,3,3,3,3,4,3,2,3,2,2,3,I think the toy need to include more current technology to be more attractive to children of the current times,676da97afe68d3f5a09fca43,,,,,,,,,,,,,,,,,,,
q_255,R_6X4RYsIZb8hBMf7,10/23/25 8:17,10/23/25 8:21,265,1,1,2,5,1,1,4,"1,5,6",,4,2,3,5,1,6,,4,5,4,4,3,4,5,5,5,4,3,4,1,3,2,6,5,69,3,4,5,4,5,5,6,5,77,86,67,83,33,64,4,4,5,4,3,5,4,4,2,2,5,they seem nice,67f29249f806e5d43bd01798,,,,,,,,,,,,,,,,,,,
q_256,R_54COVRZXvxEpiyO,10/23/25 8:17,10/23/25 8:22,246,1,1,2,6,1,2,3,"3,4,6",,2,1,4,5,3,6,,5,5,5,2,5,5,5,4,4,4,5,2,1,4,3,5,6,51,5,4,4,4,4,4,5,4,84,71,83,52,80,65,4,1,2,3,1,1,1,4,1,3,5,Safe and educational toys,6132542039ead71f30971bd6,,,,,,,,,,,,,,,,,,,
q_257,R_5Q7BJdysaLxD0Wd,10/23/25 8:19,10/23/25 8:22,143,1,1,1,2,1,1,2,"1,2,3,4,6",,3,2,4,5,1,6,,5,5,4,2,4,4,5,4,4,1,3,2,1,3,4,6,5,70,3,4,4,4,4,2,4,4,71,86,79,61,16,82,5,3,3,5,3,4,4,5,1,2,5,I feel good about recommending it based on personal experience,65bfbd86a1ec730270fe8345,,,,,,,,,,,,,,,,,,,
q_258,R_6JrBSMlg1gRYHjc,10/23/25 8:16,10/23/25 8:22,364,1,1,2,6,2,2,4,"1,3,4",,2,3,1,4,5,6,,3,4,4,4,2,4,5,5,4,3,2,3,1,4,2,5,6,82,3,4,4,4,4,4,5,3,70,77,69,72,61,75,4,3,3,3,3,2,2,3,2,2,3,Competitive with tech toys of other brands,6422f34be2b8257efb345837,,,,,,,,,,,,,,,,,,,
q_259,R_61HDyO7QCLB8f3G,10/23/25 7:59,10/23/25 8:22,1397,1,1,3,5,1,3,2,"1,3,4,6",,4,2,3,5,1,6,,5,5,5,5,4,5,5,5,4,4,4,2,1,3,4,6,5,50,2,4,4,4,5,4,4,4,70,80,80,72,71,71,4,3,4,4,3,3,3,4,2,3,4,it is reliable and very useful. i the kids love these toys and play very well with them.,60e88e0b7d305b5fbae3ebef,,,,,,,,,,,,,,,,,,,
q_260,R_77EyIC4avsmmNGG,10/23/25 8:17,10/23/25 8:22,313,1,1,3,6,2,2,3,"3,4,6",,1,2,3,5,4,6,,3,4,4,2,3,5,5,5,5,1,4,1,2,3,4,6,5,100,1,4,5,5,5,3,4,4,100,100,100,100,37,73,5,5,5,4,5,3,3,5,1,3,5,Excellent company and toys,67c77daa6c19ecb640111a63,,,,,,,,,,,,,,,,,,,
q_261,R_6dy2wE5U2V4o6dC,10/23/25 8:17,10/23/25 8:22,296,1,1,1,6,2,1,1,3,,2,1,3,5,4,6,,3,4,2,4,1,4,5,3,4,1,1,3,1,2,4,6,5,49,5,3,4,2,4,1,5,4,74,89,98,81,14,43,5,2,1,1,1,1,1,5,4,3,5,Because every child should love Little Tikes,612fd3208d3decaf3ec80bcc,,,,,,,,,,,,,,,,,,,
q_262,R_1PNWdLNTIkHWEGJ,10/23/25 8:13,10/23/25 8:22,567,1,1,2,4,3,1,2,"3,4,6",,3,1,2,6,4,5,,5,5,4,2,3,4,4,4,2,1,2,1,2,3,5,6,4,40,1,3,2,3,4,1,5,4,85,85,85,70,10,60,5,5,5,5,1,3,2,5,3,2,5,"Little Tikes are durable, they're good quality, and they're like essential kid toys. I like that there's no technology because kids get too much tech nowadays. Using their imagination and focusing on PLAY instead of ""educational metrics"" or whatever is important for young kids. They've got to be kids! Little Tikes have good toys for developing fine and gross motor skills and letting kids imagine and play. Kids learn through play.",662c0114735b9f2e17f0a8be,,,,,,,,,,,,,,,,,,,
q_263,R_6H01cy6YF1DqnF8,10/23/25 8:11,10/23/25 8:23,721,1,1,2,6,2,1,3,"1,4",,2,3,4,5,1,6,,4,4,4,4,3,5,5,5,4,1,3,1,2,3,4,6,5,50,5,4,3,2,2,1,4,3,19,50,80,19,11,50,2,2,5,5,2,2,2,2,1,1,2,"Because of all the plastic they use. Way too much. If anything, they should start using safer and more sustainable materials.",672658dbfc7d27cee21d040c,,,,,,,,,,,,,,,,,,,
q_264,R_7EyWpC3ZWNEyC1u,10/23/25 8:13,10/23/25 8:23,561,1,1,3,5,2,1,4,"5,6",,1,2,4,5,3,6,,5,4,4,4,2,4,4,4,4,4,4,4,1,2,3,6,5,69,1,4,5,5,5,5,5,6,70,59,59,78,78,50,4,4,4,3,3,5,5,4,2,3,4,I gave a 5 because Little Tikes products are incredibly durable and long-lasting.,67327e4495f88dfc99471984,,,,,,,,,,,,,,,,,,,
q_265,R_7rDAojunvJm1NZk,10/23/25 8:20,10/23/25 8:23,169,1,1,1,5,2,1,3,"1,4,5",,1,2,3,4,5,6,,4,4,4,2,5,5,5,4,3,1,3,2,1,3,4,6,5,33,1,4,4,4,5,1,5,3,82,88,87,71,10,45,4,3,4,5,3,3,3,5,3,3,4,I feel like most parents are already familiar with Little Tikes,674382c7325a6cb19d897ca4,,,,,,,,,,,,,,,,,,,
q_266,R_68YfuU9oj2LirTO,10/23/25 8:20,10/23/25 8:23,169,1,1,1,4,1,2,3,"3,4,5,6",,3,2,4,5,1,6,,4,4,4,2,4,4,4,4,3,3,3,1,2,3,6,5,4,81,3,4,4,4,4,2,4,4,89,90,79,70,60,89,5,4,3,5,3,3,3,5,1,3,4,It's a tried and true brand that has stood the test of time. Kids still love their toys.,66e2f5bef170bd666f05dc8e,,,,,,,,,,,,,,,,,,,
q_267,R_7q2TzpTVXIW5qJO,10/23/25 8:21,10/23/25 8:23,141,1,1,1,2,1,2,3,"3,4,5",,2,1,3,5,4,6,,5,5,4,4,4,4,5,4,4,2,3,2,1,3,4,5,6,74,5,4,4,5,4,3,5,3,86,89,89,84,44,88,5,3,3,4,3,3,3,5,4,3,5,It’s a timeless and quality brand for toddlers,5fd18d125e1f92195b1717bc,,,,,,,,,,,,,,,,,,,
q_268,R_5TZOXpebS6xNPG0,10/23/25 8:18,10/23/25 8:23,321,1,1,1,3,1,2,2,"1,4,5,6",,1,3,5,4,2,6,,5,5,5,2,4,5,5,5,5,5,3,4,5,2,1,3,6,60,4,4,5,4,4,5,5,5,85,56,70,100,32,90,4,3,4,5,3,2,4,5,2,3,5,I have used them before and can attest that they are the best toys to buy in all aspects.,678e883a9ac653bfb7ff5f1f,,,,,,,,,,,,,,,,,,,
q_269,R_7qjlQGbo3gBbEYG,10/23/25 8:15,10/23/25 8:23,520,1,1,3,2,1,2,4,"2,3,4",,3,4,1,5,2,6,,4,5,4,1,4,5,5,5,5,5,5,3,1,4,2,5,6,50,2,4,4,4,5,4,4,4,100,100,90,89,88,84,4,2,3,3,3,3,3,3,1,3,4,because it brings back memories,67e1a7be19db516f062a8ba8,,,,,,,,,,,,,,,,,,,
q_270,R_6B9euxRfPfETFkI,10/23/25 8:08,10/23/25 8:23,915,1,1,4,5,2,1,1,2,,2,3,4,5,1,6,,4,4,5,4,3,5,5,5,5,3,5,1,3,4,2,6,5,81,1,4,4,4,5,3,5,4,100,100,100,44,46,100,5,3,5,5,3,3,3,5,4,3,5,They are some of the best toys,671da1682ef34e8259e60339,,,,,,,,,,,,,,,,,,,
q_271,R_7nc8woVA14Ftodk,10/23/25 8:15,10/23/25 8:24,493,1,1,1,6,1,1,1,6,,4,1,2,5,3,6,,5,5,3,4,3,5,3,5,3,1,2,1,3,2,4,5,6,0,5,1,1,1,3,2,5,3,90,90,90,10,0,0,4,1,1,4,1,1,1,3,3,2,3,"I mostly remember little Tykes with my little brother, not myself.",664c4e829445321c23a8de52,,,,,,,,,,,,,,,,,,,
q_272,R_6n15iS1iyk6Sr0f,10/23/25 8:17,10/23/25 8:24,406,1,1,4,6,1,2,1,"3,4,6",,4,1,3,6,2,5,,4,5,4,3,3,4,5,3,3,1,3,2,1,3,4,6,5,0,1,2,2,2,3,1,5,2,95,50,60,40,0,10,5,2,5,5,2,2,2,5,1,2,5,"Little Tikes is VERY durable. I said ""neither more nor less"" because there are some that I'd prefer Little Tikes and some that I'd much prefer another brand.",66b82e7a217f905382989f20,,,,,,,,,,,,,,,,,,,
q_273,R_61tPebZuXqc3rdv,10/23/25 8:19,10/23/25 8:24,287,1,1,3,4,2,2,3,5,,4,2,3,6,5,1,Barbie,5,5,4,3,3,4,5,4,4,2,2,2,1,3,4,6,5,33,3,3,4,2,2,2,3,2,80,80,69,70,10,30,4,2,4,5,3,3,1,3,4,2,3,I didn’t play much with little Tikes toys other than at preschool/ elementary.,668694fa5cc160b72055a095,,,,,,,,,,,,,,,,,,,
q_274,R_3368RLJJPr49B8R,10/23/25 8:04,10/23/25 8:24,1179,1,1,1,4,2,2,4,"1,2,3,5,6",,4,1,2,5,3,6,,4,4,5,1,2,5,5,5,5,1,2,2,1,4,3,5,6,74,1,4,5,5,3,2,5,4,82,84,91,79,12,65,5,4,5,2,2,4,3,4,1,2,4,It is a very sturdy brand but not very innovative,6657de6005b37ec6f43084a6,,,,,,,,,,,,,,,,,,,
q_275,R_66mxgGrYPDaHTG3,10/23/25 8:19,10/23/25 8:24,280,1,1,2,3,1,2,3,"1,3,4",,3,1,2,6,4,5,,4,4,4,4,4,4,4,4,4,4,4,3,4,1,2,6,5,83,3,5,5,5,5,1,5,3,96,100,93,74,17,88,5,4,3,4,3,3,2,5,1,3,5,I have no complaints with the brand. I do and always have loved Little Tikes,62a885d5b6af18b3d4579e1b,,,,,,,,,,,,,,,,,,,
q_276,R_3aEu72GOWtMTkWH,10/23/25 8:21,10/23/25 8:24,204,1,1,1,2,1,1,2,"1,4",,3,2,5,4,1,6,,5,4,4,4,5,5,4,4,5,4,4,6,1,4,2,3,5,27,5,4,4,4,5,5,6,5,53,82,85,61,43,38,5,2,2,5,2,2,2,5,4,2,5,Its a good brand!,60297b279beeb634d8781252,,,,,,,,,,,,,,,,,,,
q_277,R_5zYkiyepH968rJS,10/23/25 8:21,10/23/25 8:24,225,1,1,1,2,1,1,2,"1,2,4,6",,4,2,3,5,1,6,,4,5,4,3,2,4,4,3,5,4,5,2,3,4,5,6,1,30,3,4,3,4,5,4,5,6,70,79,50,69,10,60,4,2,2,5,3,3,3,5,1,3,5,Little Tikes has always been the go-to for children toys since I had my kid a couple years ago. They offer quality and durable products that can last long even after taking a beating.,67215ddb4fe41f208fba792b,,,,,,,,,,,,,,,,,,,
q_278,R_3lxY0mMgtXcWCKQ,10/23/25 8:12,10/23/25 8:24,764,1,1,2,3,2,1,4,"1,2,4,5,6",,1,2,4,5,3,6,,5,4,5,2,4,5,5,4,4,3,2,2,1,4,3,5,6,95,3,5,4,4,2,4,5,2,90,94,85,80,60,94,5,4,4,5,3,4,2,5,4,1,5,"it combines quality, safety and durability with toys",67ee6f72aa206db46d5e9d11,,,,,,,,,,,,,,,,,,,
q_279,R_3jTgQbLlhClKIBg,10/23/25 8:20,10/23/25 8:25,261,1,1,4,6,1,3,2,"3,5",,4,2,3,5,1,6,,5,5,5,1,5,5,5,5,5,1,2,3,2,4,1,6,5,71,2,4,4,5,4,3,6,3,90,100,80,30,0,51,4,4,4,5,3,3,2,4,2,3,5,This brand has always performed well and has always been safe.,66da38dc1d5b9365584508ca,,,,,,,,,,,,,,,,,,,
q_280,R_6qA1yGcEkbeB3K9,10/23/25 8:20,10/23/25 8:25,303,1,1,2,4,1,1,3,4,,2,4,3,5,1,6,,5,5,5,3,5,5,5,5,5,5,5,3,4,5,1,6,2,100,3,5,5,5,6,3,6,6,100,100,100,100,100,100,5,5,5,5,5,5,5,5,1,3,5,I love the memories that comes with it.,5f90581950d8520e8c7d3890,,,,,,,,,,,,,,,,,,,
q_281,R_1gZOOZsTmEJtwRm,10/23/25 8:14,10/23/25 8:25,669,1,1,1,6,1,1,2,"3,4,6",,4,1,3,5,2,6,,4,4,4,2,2,2,4,3,5,3,2,4,2,3,1,5,6,29,5,4,4,4,3,3,5,3,63,50,90,80,1,81,5,2,1,5,3,3,3,5,1,3,5,Because they are really great toys that help foster good imagination children,662942069e781c3f1a1355c4,,,,,,,,,,,,,,,,,,,
q_282,R_3O3aZn0qawAJZ34,10/23/25 8:20,10/23/25 8:25,275,1,1,2,4,2,2,3,7,trial and error,3,1,2,5,4,6,,5,5,3,4,2,5,5,5,3,2,3,3,2,1,4,6,5,91,1,5,3,4,3,1,5,4,99,99,90,99,10,90,5,5,4,5,3,2,2,5,1,2,5,i am open minded and usually let my child pick what they prefer. I love little tikes for the value and durability as well as safety,66be49c83c616e7cddf3bdea,,,,,,,,,,,,,,,,,,,
q_283,R_69L3qznQLLl7zoZ,10/23/25 8:22,10/23/25 8:25,176,1,1,4,5,1,2,4,"3,4,5,6",,5,1,3,6,2,4,Matchbox cars,5,4,5,1,4,4,5,5,3,1,4,2,1,3,5,6,4,84,5,5,5,4,4,1,6,3,92,96,98,73,7,83,4,3,4,5,2,2,2,4,1,3,4,I love their toys specifically the ride on and sandbox.,586bd8faa205a90001e7e8ac,,,,,,,,,,,,,,,,,,,
q_284,R_7nqq09kNWl6bKhT,10/23/25 8:21,10/23/25 8:26,269,1,1,2,4,1,1,3,"4,7",Reddit,1,2,4,5,3,6,,5,5,5,1,2,5,5,4,4,3,2,2,1,3,4,6,5,100,1,5,4,5,2,5,2,4,100,82,86,64,24,100,5,3,5,3,1,1,1,5,2,3,5,They make quality toys that stand the test of time,5e7b6486b704ac034e3f01c8,,,,,,,,,,,,,,,,,,,
q_285,R_7mEJm7osalfbMrL,10/23/25 8:15,10/23/25 8:26,648,1,1,2,3,2,3,2,"1,2,3,5",,2,1,4,5,3,6,,4,5,3,2,4,4,4,4,4,2,3,3,1,4,2,6,5,100,1,5,4,5,5,2,5,5,100,100,100,100,58,100,5,3,5,5,3,5,3,5,1,3,5,Love Little Tikes and have always had great experiences with the toys,6108996d66ae02dbbfe0afad,,,,,,,,,,,,,,,,,,,
q_286,R_5o8eUF7CEAJyl8a,10/23/25 8:23,10/23/25 8:26,197,1,1,2,6,1,2,2,"3,4",,4,2,3,5,1,6,,4,4,3,4,2,3,4,4,4,3,2,5,3,1,2,4,6,36,2,3,4,4,2,4,2,2,80,84,29,38,20,69,4,3,5,5,3,3,3,4,2,2,4,I think that it is a decent brand but there are others out in the market too.,6790236904d0cf418a66bf97,,,,,,,,,,,,,,,,,,,
q_287,R_7ewBBBDHrH9qoMw,10/23/25 8:20,10/23/25 8:26,367,1,1,3,2,1,1,4,5,,1,2,3,4,5,6,,4,5,5,4,2,5,5,5,5,5,5,3,4,2,1,6,5,90,5,4,5,5,5,4,2,4,80,89,91,90,90,81,3,3,3,4,3,3,3,4,2,3,4,from reviews from people i know,67e5af07477a5e4f93e875c6,,,,,,,,,,,,,,,,,,,
q_288,R_3EcnDbrfFFqMMv0,10/23/25 8:22,10/23/25 8:27,307,1,1,2,6,1,2,4,"3,4,5,6",,4,1,2,5,3,6,,4,4,3,4,2,3,5,4,3,2,3,2,1,3,4,6,5,29,5,4,4,3,5,1,5,4,91,100,91,80,0,93,4,3,3,4,3,3,3,5,1,3,5,I like toys that get kids moving and pushes imagination. Screen time just is not what I want or my kids.,5c1a73c66b34360001ae4d30,,,,,,,,,,,,,,,,,,,
q_289,R_7zqxDPeb6jUGp5D,10/23/25 8:15,10/23/25 8:27,689,1,1,4,3,1,2,2,"3,4,6",,2,1,4,5,3,6,,5,5,5,1,3,5,5,5,5,5,3,3,1,4,2,5,6,100,2,5,3,5,5,3,5,5,100,100,100,100,20,100,5,1,1,5,1,1,1,5,2,2,5,because i trust this brand. also i know its safe,63d6f2705562fd353b7948dc,,,,,,,,,,,,,,,,,,,
q_290,R_7oZL1vhxZseTccm,10/23/25 8:21,10/23/25 8:27,364,1,1,2,3,1,1,4,"1,2,3,4,5,6",,1,2,4,5,3,6,,5,4,4,1,3,4,5,4,4,3,3,4,1,2,3,6,5,81,3,4,4,3,4,2,4,4,80,80,85,75,0,95,5,3,3,5,2,1,2,5,1,3,5,My kids enjoy them and they hold up through the rough playing. They are durable and fun toys,6636e5ffb1e341fa2390a2c0,,,,,,,,,,,,,,,,,,,
q_291,R_68ay8CGZLhyZVXb,10/23/25 8:20,10/23/25 8:27,400,1,1,1,4,1,2,2,"1,2,3,4",,5,1,2,3,4,6,,3,4,4,4,5,4,2,4,4,3,3,2,3,4,1,5,6,48,2,4,4,4,4,6,3,4,47,59,51,43,93,63,4,2,5,4,3,3,5,4,2,2,3,It is only average,5f16f559325a640008bb9a07,,,,,,,,,,,,,,,,,,,
q_292,R_3Kxwn0Lz4jL4qjF,10/23/25 8:24,10/23/25 8:28,198,1,1,1,5,1,2,3,"1,4,5",,4,1,2,5,3,6,,5,5,5,5,3,5,5,5,5,2,2,4,1,2,3,6,5,1,1,1,1,1,1,1,1,1,0,0,0,0,1,0,4,3,1,5,2,1,1,1,4,1,1,It's not a trusted brand,60c770aa2d2928bfda4c7cd4,,,,,,,,,,,,,,,,,,,
q_293,R_5a4UQgGQeCxs3Dz,10/23/25 8:11,10/23/25 8:28,982,1,1,2,4,2,2,2,"2,3,6",,1,3,4,5,2,6,,4,4,4,2,3,3,4,4,3,4,2,2,3,1,5,4,6,87,3,4,4,4,4,3,4,4,70,81,79,74,58,85,4,5,5,5,4,3,3,5,4,2,4,Little TIkes is a classic. THey have toys good for all ages up to age 7/8. Incorporates imagination well.,663a5cc1f775076b324606c6,,,,,,,,,,,,,,,,,,,
q_294,R_3ZNy5qtKUggTvBT,10/23/25 8:20,10/23/25 8:28,461,1,1,3,1,1,2,4,"1,2,4,5",,1,3,4,5,2,6,,5,5,4,1,5,5,5,5,4,5,4,4,2,5,3,6,1,88,1,4,5,5,5,5,4,5,85,88,76,78,74,78,5,2,4,5,4,3,2,5,1,2,3,I do not like their quality.,6717caf5317ad8e02d9b3b38,,,,,,,,,,,,,,,,,,,
q_295,R_7C8vYIYYtlE4oZC,10/23/25 8:23,10/23/25 8:28,289,1,1,2,4,1,2,2,"4,5,6",,4,1,2,5,3,6,,2,2,2,4,1,3,5,3,2,1,1,2,1,3,4,5,6,14,5,2,2,2,4,2,4,3,74,75,84,19,15,56,4,2,2,5,3,2,2,4,1,2,4,They always have a good and fun collection of toys that kids love to play with .,668568bb50fdf898014285b7,,,,,,,,,,,,,,,,,,,
q_296,R_37mTpa7corEsmch,10/23/25 8:23,10/23/25 8:28,314,1,1,2,3,2,1,3,"1,2,3,4,5",,3,2,4,5,1,6,,5,4,4,2,3,5,5,4,4,4,3,2,1,4,3,5,6,93,3,4,4,4,4,3,4,4,76,93,89,90,70,90,4,4,5,4,3,5,3,4,2,3,5,Quality educational toys that make kids use their imagination,6005bf78ff6a5287aba5661f,,,,,,,,,,,,,,,,,,,
q_297,R_5Jf0eViTyebjQjn,10/23/25 8:24,10/23/25 8:28,248,1,1,1,4,2,2,1,"1,3,4,6",,1,3,5,6,4,2,Mattel,5,5,5,1,4,5,5,5,5,3,4,1,4,2,3,6,5,96,3,5,5,5,5,1,5,3,99,98,99,96,49,95,5,5,4,3,1,1,2,5,1,3,5,"Because the toys are super high quality and will last forever, we still have some from when I was a kid that my kid still plays with, and they're still in amazing shape to be handed down to other families.",57ae30a960a25a000195c802,,,,,,,,,,,,,,,,,,,
q_298,R_72l5nleB65KCA4M,10/23/25 8:21,10/23/25 8:28,437,1,1,1,6,1,2,3,4,,4,1,3,5,2,6,,4,4,5,3,3,4,5,4,4,3,4,2,1,4,5,6,3,90,3,4,4,5,3,1,6,5,96,100,93,91,68,100,5,1,5,5,1,1,1,5,1,3,5,I think that the brand brings trusted toys that can last for many years.,62f26bd83a224b27ea4aae5d,,,,,,,,,,,,,,,,,,,
q_299,R_6jFOtc6q9nKGIox,10/23/25 8:21,10/23/25 8:28,460,1,1,4,6,2,2,2,"1,2,3,4,5,6",,1,3,4,5,2,6,,5,5,4,1,4,4,5,4,4,4,4,1,2,4,3,6,5,91,2,4,4,4,5,3,4,4,92,91,91,77,63,91,5,5,5,5,1,1,1,5,1,2,5,"Little Tykes has withstood my child and my older children who were very hard on toys, On top of that my children (and I) love Little Tykes toys and ride on vehicles.",66042d8fc8f0421abb8ecf06,,,,,,,,,,,,,,,,,,,
q_300,R_3JllRm4tZ0t4TpT,10/23/25 8:25,10/23/25 8:28,178,1,1,2,4,2,3,1,1,,2,4,5,6,1,3,knex,4,4,5,1,3,4,5,5,4,3,3,3,4,1,2,6,5,69,5,4,4,2,2,1,5,4,88,71,90,40,100,71,5,1,4,5,1,1,1,4,3,2,4,"they're good toys and hold their own, but I probably wouldn't recommend because people already know the brand anyway",5d05417d1a34960016e7457a,,,,,,,,,,,,,,,,,,,
q_301,R_1ovtdiSUTKcZxqN,10/23/25 8:24,10/23/25 8:29,303,1,1,2,4,2,2,4,"1,3,4,5,6",,1,2,5,4,3,6,,5,5,5,4,4,5,5,5,5,5,4,2,4,1,3,5,6,90,3,5,5,5,4,4,5,3,95,90,90,85,65,95,4,3,5,5,3,3,3,4,1,2,5,It is a brand that I trust and it will always have a place in my family life. It had been around a long time maintaining a stellar repuation.,66196025cdd89ad566b0bf55,,,,,,,,,,,,,,,,,,,
q_302,R_6agS1cqFnZglmSJ,10/23/25 8:24,10/23/25 8:29,304,1,1,1,3,2,3,3,"1,2,3,6",,2,1,4,5,3,6,,4,5,4,2,4,4,3,4,4,2,3,1,2,4,5,6,3,68,1,4,5,4,5,5,4,4,81,63,74,51,18,67,4,3,2,4,3,4,3,4,3,2,4,I think it's great. I just rarely give out 5 stars.,660338e4a1acbad65a2955ec,,,,,,,,,,,,,,,,,,,
q_303,R_1OH9iiGcP9CcRRj,10/23/25 8:25,10/23/25 8:29,229,1,1,1,5,1,2,2,"1,2,3,4,5,6",,1,3,2,5,4,6,,4,4,3,3,3,5,5,4,3,3,3,2,1,3,5,4,6,51,1,4,4,4,4,3,4,4,89,81,71,78,61,69,4,3,3,4,3,3,3,5,2,3,5,We still have many of the Little Tikes toys that were handed down to us from family members who used them for their children. They definitely hold up and are very popular,614662c1c31697525616534f,,,,,,,,,,,,,,,,,,,
q_304,R_1I7431hGbqj9L7Y,10/23/25 8:15,10/23/25 8:29,856,1,1,1,2,1,2,2,"1,2,3,4,5,6",,1,2,4,5,3,6,,5,5,5,1,4,5,5,5,5,5,5,1,4,2,3,5,6,100,3,5,5,5,5,5,5,5,92,100,100,84,99,84,5,3,3,5,1,2,3,5,3,3,5,Great fun toys that are very enjoyable,6073e0d481953bbd2cd61145,,,,,,,,,,,,,,,,,,,
q_305,R_1Gyb1asoqa4DSqB,10/23/25 8:24,10/23/25 8:30,348,1,1,1,6,1,1,1,"3,5,6",,4,1,3,5,2,6,,5,4,3,4,2,2,5,4,3,3,2,3,1,2,4,5,6,40,1,3,2,5,3,4,3,2,90,100,80,50,30,60,5,3,3,5,2,2,1,4,2,2,4,little tikes is a high quality basic toys you can trust,657e2b6843cb49c64a6cb939,,,,,,,,,,,,,,,,,,,
q_306,R_5ya6LvQldbqi2oB,10/23/25 8:24,10/23/25 8:30,354,1,1,2,4,2,2,4,"1,3",,2,1,3,5,4,6,,4,4,4,2,2,5,5,3,3,2,2,1,2,3,4,6,5,71,3,5,4,4,4,2,4,4,100,100,89,79,51,69,5,3,5,5,3,3,3,5,1,3,5,Good value and quality materials.,5ecfd032ba37d7050aafc352,,,,,,,,,,,,,,,,,,,
q_307,R_6wmnlGLvNKPnhI1,10/23/25 8:11,10/23/25 8:30,1160,1,1,2,4,1,1,2,"4,5",,2,3,4,5,1,6,,4,5,4,4,3,4,5,4,4,4,5,3,5,1,2,4,6,90,1,4,4,5,4,5,5,4,79,59,78,81,28,100,3,3,3,5,3,4,3,5,1,3,5,"Because it brought me much joy, and I want others to feel that same joy too",66f0a65e356ecb6162bc2a86,,,,,,,,,,,,,,,,,,,
q_308,R_3yeAWOLcysY27ze,10/23/25 8:26,10/23/25 8:30,250,1,1,2,6,1,2,1,"1,2,3,4",,1,3,2,5,4,6,,5,5,5,1,5,5,5,5,5,1,5,1,3,2,5,6,4,100,5,5,5,5,5,1,5,5,100,100,100,100,0,100,5,3,3,5,3,3,3,5,1,3,5,Because Little Tikes is perfect the way it is. There should be more imagination play and way less technology.,5958ff3892b7c90001693bbc,,,,,,,,,,,,,,,,,,,
q_309,R_3IKPOGosfWjVPcZ,10/23/25 8:28,10/23/25 8:30,124,1,1,2,3,1,2,1,"1,2,3,4",,3,5,1,4,2,6,,4,2,3,3,2,2,4,3,3,4,3,2,4,6,1,5,3,65,2,3,2,4,4,3,4,4,58,73,36,62,43,58,3,4,3,2,4,3,2,3,2,2,3,It's Safe,66b3790e0df81690b0bca76f,,,,,,,,,,,,,,,,,,,
q_310,R_5lry1vtz4jyFbNN,10/23/25 8:21,10/23/25 8:30,526,1,1,4,5,2,3,1,"2,3,4",,2,1,3,4,5,6,,4,5,4,4,2,3,2,3,3,3,4,3,1,2,4,5,6,33,2,4,4,3,4,5,4,5,35,44,50,52,46,54,4,4,3,5,5,2,2,5,2,2,3,because of the price they can be pricey,6642690a93cc7510324fc235,,,,,,,,,,,,,,,,,,,
q_311,R_6sUcBEFLPw4hUIe,10/23/25 8:24,10/23/25 8:30,371,1,1,1,4,2,1,4,"1,4",,3,5,2,4,1,6,,5,4,5,1,3,4,5,4,5,5,4,2,1,6,4,5,3,69,1,4,5,4,5,4,5,4,74,92,80,71,72,87,4,3,2,4,1,1,2,5,2,3,4,This is because their toys are innovative,66e9bdb86f599f239c1ea24e,,,,,,,,,,,,,,,,,,,
q_312,R_3MFFpk5J6wS7lL3,10/23/25 8:12,10/23/25 8:30,1119,1,1,1,3,1,2,4,6,,2,1,3,5,4,6,,4,5,5,4,2,4,5,4,3,2,2,2,1,3,4,6,5,87,3,4,3,4,4,3,5,4,92,92,85,62,35,85,5,3,4,4,4,3,3,5,1,1,5,It has been a staple in kids toys for a long time. It is reliable and not overwhelming for kids.,60c056b358621c438c04df78,,,,,,,,,,,,,,,,,,,
q_313,R_3Y99OvBNlhgWRoq,10/23/25 8:26,10/23/25 8:31,252,1,1,2,5,1,1,3,"4,5",,4,1,3,5,2,6,,5,5,5,1,4,4,2,5,1,1,4,2,4,1,5,6,3,28,5,2,1,1,2,2,1,1,38,70,70,57,4,12,4,2,3,5,2,2,3,4,4,2,3,it depends on the childs age,601848135aa9ba08c66cff6a,,,,,,,,,,,,,,,,,,,
q_314,R_3giuMFJASH55Cns,10/23/25 8:25,10/23/25 8:31,330,1,1,4,6,2,2,2,6,,2,1,3,5,4,6,,4,5,3,1,1,5,5,4,4,3,2,2,1,3,4,5,6,49,1,4,4,4,5,1,5,5,100,100,91,95,12,78,5,5,5,5,3,2,2,5,1,3,5,Little tikes is a product that holds up and sparks imagination for kids without screen time.,6629ad36212b1ff072ad774a,,,,,,,,,,,,,,,,,,,
q_315,R_5OK1sYFmGzgChqD,10/23/25 8:27,10/23/25 8:31,229,1,1,1,4,1,2,3,5,,3,2,4,5,1,6,,5,5,5,5,3,5,5,5,5,5,2,1,4,2,3,5,6,30,3,5,4,4,5,4,5,5,100,100,100,100,0,100,5,3,5,5,3,5,3,5,4,2,5,They have toys that stand the test of time,66fb245e0d8b295716def17c,,,,,,,,,,,,,,,,,,,
q_316,R_7AhHIIRYP29XH6V,10/23/25 8:28,10/23/25 8:31,192,1,1,1,3,1,2,4,"1,2,3,4,5,6",,1,3,2,5,4,6,N/A,5,5,5,1,5,5,5,5,5,5,5,4,1,2,5,3,6,100,2,5,5,5,5,5,5,5,100,100,100,100,100,100,5,5,5,5,5,5,5,5,3,3,5,Because I grew up with this brand and would like my children to experience the same joy,5a3ca9f4fbc64300010a280d,,,,,,,,,,,,,,,,,,,
q_317,R_1iP5FSGGt9aDHN0,10/23/25 8:23,10/23/25 8:32,521,1,1,2,3,2,2,3,"1,2,3,4",,1,4,2,3,5,6,,4,3,4,4,3,4,3,3,3,3,4,1,3,2,5,4,6,50,1,3,3,3,4,4,4,4,63,72,55,52,37,64,3,3,4,3,3,3,4,4,2,3,4,"I gave that score because little Tikes products are durable, safe and well designed for young children",67df2438f087a74ea30f779b,,,,,,,,,,,,,,,,,,,
q_318,R_5db4MHmPYyxHAUY,10/23/25 8:29,10/23/25 8:32,205,1,1,1,4,1,1,1,"4,5",,4,3,2,5,1,6,,4,5,3,3,3,5,5,5,5,5,3,1,3,4,2,6,5,100,3,5,5,5,4,3,4,3,52,63,82,54,19,92,4,2,3,5,3,3,2,5,1,2,4,I think its a quality brand that also could bring fun and enjoyment,6479c87daabda4a5809a752d,,,,,,,,,,,,,,,,,,,
q_319,R_6Eu8LLJsYWNcdNf,10/23/25 8:28,10/23/25 8:32,249,1,1,2,4,1,2,3,"4,5,6",,3,2,4,5,1,6,,3,4,3,2,3,3,3,4,3,3,1,2,4,1,3,5,6,49,4,4,3,3,4,3,4,2,70,70,68,64,48,59,4,3,3,5,3,3,3,4,1,3,4,Ive had good experiences with the brand,6695a8e266bee0078c3c11a3,,,,,,,,,,,,,,,,,,,
q_320,R_3rwtEzDlp0BKtNN,10/23/25 8:26,10/23/25 8:32,360,1,1,4,4,2,3,1,"1,2,3,4",,3,2,4,5,1,6,,5,5,5,1,4,5,5,4,3,2,4,2,1,3,6,5,4,76,3,4,5,5,5,2,5,5,96,100,97,100,72,100,5,1,3,5,2,1,1,5,4,3,5,Great products fun for not just kids but every one lots to do and great learning toys,664df977e4e6d25d66bf64cb,,,,,,,,,,,,,,,,,,,
q_321,R_62zBoxtD91apJMt,10/23/25 8:23,10/23/25 8:33,571,1,1,2,4,1,1,3,"1,2,4",,3,5,4,2,1,6,,4,5,5,2,4,4,5,4,4,4,4,5,1,3,2,6,4,88,1,4,5,5,3,5,4,4,86,81,77,79,63,84,4,3,3,5,4,3,4,4,4,3,5,"Little Tikes offers durable, safe, and fun products that kids really enjoy. Their toys encourage creativity and active play, and the quality is consistently reliable.",6760f2ed5c7e5d977eb5bd54,,,,,,,,,,,,,,,,,,,
q_322,R_3PsfOWcKDH0jVAJ,10/23/25 8:25,10/23/25 8:33,443,1,1,3,6,1,1,3,"1,2,3,4",,1,2,3,4,5,6,,5,5,5,1,5,5,5,5,5,5,5,3,4,5,2,6,1,100,1,4,5,4,5,5,5,4,82,67,100,71,8,100,5,4,5,4,4,5,5,5,4,3,5,because it great,67a3689370c79028e4ce3178,,,,,,,,,,,,,,,,,,,
q_323,R_71blgEvM9qolUbj,10/23/25 8:26,10/23/25 8:33,420,1,1,1,4,1,2,1,"3,4,5,6",,4,1,2,5,3,6,,3,2,4,4,1,4,4,4,5,4,1,4,1,3,2,5,6,74,3,4,4,2,5,4,3,3,78,100,85,70,72,70,5,3,3,5,3,3,3,5,4,2,4,My kid likes his toys thas alot of fun with them. There pretty reasonable as far as prices go and they haven't broken down. I'd recommend them to a parent based on these merits.,671f48ecd819545f1b044941,,,,,,,,,,,,,,,,,,,
q_324,R_5FN8zkqEm1LJQEF,10/23/25 8:30,10/23/25 8:33,176,1,1,1,4,2,1,1,"2,5",,1,2,4,5,3,6,,4,4,4,2,2,5,5,5,5,1,2,1,2,3,4,5,6,44,1,4,3,3,5,1,5,3,82,81,81,80,97,54,4,3,2,4,1,1,1,4,1,3,4,Trusted brans,6110a371c00388d587922ff1,,,,,,,,,,,,,,,,,,,
q_325,R_117Q8ppYdU8cQOO,10/23/25 8:18,10/23/25 8:33,891,1,1,2,5,1,1,4,"4,5",,3,2,1,4,5,6,,4,4,2,4,4,4,4,4,4,4,4,4,2,5,1,3,6,80,5,4,4,4,5,5,2,5,59,60,58,70,74,73,4,4,4,4,4,4,4,4,2,3,4,This is a quality and durable products for kids.,66699f85a69c5a20e26d0446,,,,,,,,,,,,,,,,,,,
q_326,R_3oAaRKQJC8Gd6F6,10/23/25 8:27,10/23/25 8:33,370,1,1,1,2,2,1,2,"1,2,3,4",,2,3,5,1,4,6,,4,3,5,4,4,4,3,4,5,3,5,4,5,2,3,1,6,70,3,4,3,5,5,4,6,3,80,60,39,70,49,31,4,3,4,5,3,4,3,3,3,2,4,"I like Little Tikes because their toys are safe, durable, and fun for kids, though some products can be a bit pricey.",67246794a85893f571f01fcc,,,,,,,,,,,,,,,,,,,
q_327,R_6wuY85YnSVvsPu2,10/23/25 8:16,10/23/25 8:33,1042,1,1,2,3,1,2,2,"4,6",,1,5,2,4,3,6,,4,5,5,1,3,5,5,4,3,2,5,1,2,4,5,6,3,100,5,5,5,4,5,6,5,5,100,100,100,100,100,100,5,4,5,5,5,5,5,5,1,3,5,I have so much believe and more user experience with Little Tikes.,66d1c216f7c6746d8edc3acd,,,,,,,,,,,,,,,,,,,
q_328,R_30OSxtGVk6Mz85J,10/23/25 8:30,10/23/25 8:33,165,1,1,1,4,1,2,2,"3,4",,4,1,2,5,3,6,,4,5,3,4,2,5,5,4,4,2,2,2,1,4,3,5,6,31,1,3,3,3,4,2,5,3,95,95,90,85,10,40,5,2,3,5,3,3,3,5,4,2,5,Good solid toys that children will have fun with.,5d951ede9b6f880018f63b6e,,,,,,,,,,,,,,,,,,,
q_329,R_3ebrSgVXRhrWRTi,10/23/25 8:26,10/23/25 8:33,433,1,1,2,5,1,3,1,"4,6,7",X,4,2,3,5,1,6,Tyco,5,5,5,3,4,4,4,5,2,1,4,2,4,1,5,6,3,10,4,2,2,3,3,1,5,2,0,80,60,40,10,20,3,4,5,5,3,3,3,3,1,2,4,"Little Tikes is a very average brand to me. I didn't have many of their toys when I was a child. The brand seems very cheap quality to me, but is also fairly entertaining for kids. I would have no problem recommending them, though they aren't as good as other brands.",5edbd3e1901fc6070c53e98a,,,,,,,,,,,,,,,,,,,
q_330,R_1GAv2OehSooqaE9,10/23/25 8:27,10/23/25 8:33,390,1,1,2,6,2,2,2,"1,2,3,5",,1,2,4,5,3,6,,5,5,5,2,4,5,5,5,5,4,4,1,3,4,2,5,6,97,1,5,5,4,5,4,5,4,88,92,91,89,92,96,5,5,5,5,4,4,4,5,1,2,5,I would recommend the Little Tykes brand to other parents because they have great toys,662939410cc90efb004523f7,,,,,,,,,,,,,,,,,,,
q_331,R_7Opi3qI6L4LwWLR,10/23/25 8:31,10/23/25 8:34,135,1,1,2,2,2,2,2,"1,3,4,6",,1,2,4,5,3,6,,4,4,4,4,3,4,4,4,4,4,4,2,1,3,5,4,6,97,1,4,4,4,5,5,5,5,75,85,73,82,81,84,5,3,5,5,3,3,3,5,1,1,5,Great product,5b21c4ab31d0080001b9f55e,,,,,,,,,,,,,,,,,,,
q_332,R_7Hbn69qgl6EPUuj,10/23/25 8:29,10/23/25 8:34,296,1,1,1,4,1,3,2,"3,4",,3,2,5,6,1,4,nerf,4,4,3,2,2,3,4,4,4,1,2,4,2,1,3,6,5,41,5,4,4,4,3,2,5,2,75,90,75,70,15,65,5,3,3,4,3,3,3,4,1,2,4,"They are a known and trusted brand, you can't really go wrong with them.",5f7783016ee66e2d3333b7f8,,,,,,,,,,,,,,,,,,,
q_333,R_5Ejyxad5UmlNGKZ,10/23/25 8:28,10/23/25 8:34,369,1,1,1,2,2,2,1,"1,2,3,4,5",,1,2,3,5,4,6,NA,5,5,5,1,4,5,5,5,5,3,5,4,3,2,1,6,5,100,5,5,5,5,5,3,5,3,100,100,100,100,99,100,5,2,5,5,2,2,3,5,1,3,5,They are reliable and my kid always loves their stuff.,61254fba095b9df425e816ea,,,,,,,,,,,,,,,,,,,
q_334,R_5N9CG0EprFR9HdN,10/23/25 8:19,10/23/25 8:34,899,1,1,1,3,1,2,2,5,,1,5,2,3,4,6,,5,4,4,4,4,5,5,4,4,4,4,2,1,5,3,4,6,81,1,4,4,4,5,5,5,5,81,91,80,80,80,81,4,4,4,4,5,4,4,4,2,3,5,It's of high quality and safe for kids.,67e90eccc1592e147e1e88b0,,,,,,,,,,,,,,,,,,,
q_335,R_3MXtcVeM8ZFKghs,10/23/25 8:21,10/23/25 8:34,757,1,1,1,4,2,2,2,"2,4,5,6",,1,2,3,4,5,6,,4,4,4,2,5,5,5,5,5,5,3,2,1,4,3,5,6,71,2,4,4,4,4,5,2,2,80,85,86,60,10,89,3,3,4,5,4,4,5,5,2,2,4,It still needs some more additions for it to be among the best recommended.,67e0875cac594a7d8175c644,,,,,,,,,,,,,,,,,,,
q_336,R_5IO2PxYcrxmZj0J,10/23/25 8:25,10/23/25 8:34,525,1,1,3,5,2,3,2,"5,6",,3,2,4,5,1,6,,5,5,5,4,3,3,5,4,4,3,3,4,1,2,3,5,6,71,5,4,5,5,2,4,3,3,71,89,84,31,9,82,5,4,5,5,2,1,3,5,2,2,5,In my opinion Little Tikes toys are forever toys. They can be passed down from generation to generation,5ac1209968b65b00018d301d,,,,,,,,,,,,,,,,,,,
q_337,R_58972aY2Na2jdjX,10/23/25 8:29,10/23/25 8:34,321,1,1,1,6,2,3,2,"1,3,4",,1,4,3,5,2,6,,4,4,4,2,2,4,4,3,4,3,2,2,1,3,4,5,6,70,2,4,5,5,5,5,5,6,90,91,70,70,50,50,4,3,5,5,3,3,3,5,2,1,5,They are safe and have been around for a long time,6234866ad5f13fac2a5cf725,,,,,,,,,,,,,,,,,,,
q_338,R_6fjsH3qk7ffH9zC,10/23/25 8:26,10/23/25 8:34,501,1,1,2,4,2,2,2,"1,2,3",,2,1,3,5,4,6,,4,4,4,2,3,4,5,4,4,2,3,1,2,4,3,5,6,80,3,5,5,5,5,2,5,5,76,90,78,76,18,90,5,5,5,3,3,4,1,5,1,3,5,I love little tikes and so does my son. I remember playing with my cozy coop and now it is one of my kids favorite toys too.,5966886dee2508000108b02c,,,,,,,,,,,,,,,,,,,
q_339,R_6kvRYUv7uZrVsU4,10/23/25 8:31,10/23/25 8:34,223,1,1,3,6,2,2,1,"3,4,5,6",,2,1,4,5,3,6,,4,4,4,4,3,4,4,4,4,4,3,1,4,3,2,5,6,50,1,3,3,3,3,3,3,3,100,100,100,100,100,0,5,3,4,5,3,3,3,5,4,3,5,I like little tikes,6682e104aa44eb333efbb0d2,,,,,,,,,,,,,,,,,,,
q_340,R_7V9N1Ap5MnpA3D3,10/23/25 8:30,10/23/25 8:35,280,1,1,2,5,2,2,4,"1,4",,3,4,2,5,1,6,,4,4,4,1,2,4,5,4,3,1,3,2,1,3,5,6,4,0,1,1,3,1,4,1,6,3,99,96,91,73,0,1,5,3,5,5,3,3,3,5,1,2,3,I never played with this brand but am familiar.,662971dda6c07ecc0a1a243a,,,,,,,,,,,,,,,,,,,
q_341,R_6g1SN6D4jGMeaC1,10/23/25 8:24,10/23/25 8:35,641,1,1,2,6,1,2,3,"4,5,6",,1,2,3,4,5,6,,4,4,2,5,1,4,5,5,3,4,1,3,1,2,5,4,6,20,5,2,2,2,1,6,1,3,71,80,89,80,2,10,4,3,3,5,3,3,3,3,2,1,1,"I did not play with these as a child and our children never played with these at day care, school or home. They never asked for anything by Little Tikes.",66f2180a1707ba50d890518f,,,,,,,,,,,,,,,,,,,
q_342,R_1IoAI2kgHRuiNOS,10/23/25 8:18,10/23/25 8:35,997,1,1,3,4,2,2,2,"2,4,5",,3,4,2,5,1,6,,4,4,4,2,3,4,4,4,5,4,3,2,3,4,1,5,6,80,5,4,4,3,4,4,4,4,80,80,81,81,50,79,3,3,3,4,3,3,3,4,1,3,4,Its safe and good for a child for active play.,67ef2f55ca232fac2ad48365,,,,,,,,,,,,,,,,,,,
q_343,R_60vZHir2W3275eD,10/23/25 8:26,10/23/25 8:35,553,1,1,1,5,2,3,1,"3,4,5,6",,3,1,2,5,4,6,,5,5,5,1,4,5,5,5,5,3,3,5,2,1,3,6,4,100,5,5,5,5,3,4,4,3,90,90,89,80,59,100,5,1,1,5,1,1,1,5,2,3,5,"I have always loved playing with Little Tikes brand toys. They are durable and long-lasting, offering creative learning experiences, and are priced well for the quality.",6636d7e87c424e11d5f87bf9,,,,,,,,,,,,,,,,,,,
q_344,R_5Hw4uVHDjMr4mLt,10/23/25 8:30,10/23/25 8:35,343,1,1,1,6,1,2,4,5,,2,1,5,4,3,6,,4,5,4,2,4,4,4,3,3,1,4,1,4,5,3,6,2,26,1,3,3,3,4,2,5,3,80,79,90,78,50,60,5,1,1,5,1,1,1,5,1,2,5,Great American company that has a wonderful selection of sturdy toys,60f43c3a0fd9723feba1af38,,,,,,,,,,,,,,,,,,,
q_345,R_3dnnjODXiBrPY4K,10/23/25 8:32,10/23/25 8:36,206,1,1,1,6,2,2,4,"1,4,6",,3,1,2,5,4,6,,4,4,2,5,1,3,3,5,3,2,1,3,2,1,4,5,6,70,5,4,2,4,2,3,2,2,79,79,90,65,4,69,5,3,4,3,1,1,1,4,4,2,4,I think they have great toys but I don't know that they grab a child's attention past a certain age.,61bb396b40db417c1a138e43,,,,,,,,,,,,,,,,,,,
q_346,R_7fu8mStmB7JSrvz,10/23/25 8:31,10/23/25 8:36,268,1,1,2,5,1,1,3,1,,4,2,3,5,1,6,,4,4,2,2,2,3,4,3,3,2,2,4,1,2,3,5,6,27,1,4,2,2,3,2,4,2,81,90,70,61,30,50,5,5,5,5,5,5,2,5,4,2,4,It is a known brand and not some knock off that is bought off Amazon from China and feels safer.,5e2b4e61a7f804000a55eee7,,,,,,,,,,,,,,,,,,,
q_347,R_1gXUxMgaO4Pazw7,10/23/25 8:32,10/23/25 8:36,233,1,1,4,3,2,3,2,2,,1,2,3,5,4,6,,4,5,5,1,3,5,4,5,4,3,3,1,2,3,4,6,5,70,1,5,5,4,4,1,6,5,100,80,100,100,19,100,4,5,5,5,5,1,1,5,1,3,5,because the quality us so great,6632e29a99699a0b259f5cdb,,,,,,,,,,,,,,,,,,,
q_348,R_3JfMrRosVgPrOyA,10/23/25 8:22,10/23/25 8:36,855,1,1,4,6,2,2,3,"4,5",,4,5,2,1,3,6,,4,4,5,2,4,4,5,4,5,4,4,3,2,4,1,6,5,48,4,4,4,4,4,5,5,5,60,75,70,80,60,70,4,4,4,5,4,5,5,5,1,3,4,I have given this score because I would recommend it to all of my friends. I would love to see them experience what I had experienced.,65a9315cdf44fe04344cfc4a,,,,,,,,,,,,,,,,,,,
q_349,R_6eRbKCz1LXleQgx,10/23/25 8:33,10/23/25 8:36,205,1,1,2,5,1,1,4,"1,4,6",,1,2,4,5,3,6,,5,5,5,2,3,4,5,5,4,1,4,1,2,3,5,6,4,79,3,4,4,5,4,1,6,3,73,90,80,58,10,91,4,2,4,5,1,1,1,4,4,3,4,"I've had products from little tikes for years and I know they're well made, fun, etc.",67322550bd5dfa0cd2958366,,,,,,,,,,,,,,,,,,,
q_350,R_7XcEnWNOj5yF7TH,10/23/25 8:32,10/23/25 8:36,275,1,1,2,6,2,1,2,"1,2,3,4",,4,1,2,5,3,6,,5,5,5,2,4,5,5,5,5,4,3,1,4,2,3,5,6,100,1,5,5,5,5,2,5,5,100,98,100,100,41,100,5,2,5,5,2,3,2,5,1,2,5,"My favorite toy, my car, was little tikes",5d20d449ebebd10001cb2740,,,,,,,,,,,,,,,,,,,
q_351,R_5Yxkc790Yw0dYZv,10/23/25 8:32,10/23/25 8:36,267,1,1,2,6,1,3,2,"4,5",,3,2,4,5,1,6,,5,5,5,2,2,5,5,5,2,1,4,2,3,1,4,6,5,61,5,5,5,5,4,1,6,1,100,100,100,59,0,100,4,2,2,5,2,2,2,5,1,3,5,Because they are a part of my childhood and they hold up over time very well,5ca3bd506c848000011d0afa,,,,,,,,,,,,,,,,,,,
q_352,R_3UUMI6CA2JrK9Gx,10/23/25 8:30,10/23/25 8:37,382,1,1,2,4,2,2,3,"1,2,3,4,5,6",,2,1,3,5,4,6,,4,4,4,2,3,5,5,5,3,1,1,1,3,2,4,5,6,34,5,4,4,4,2,2,4,4,88,84,100,47,16,46,5,5,3,3,1,3,3,5,4,3,5,because if it gets a lot of use i will recommend it,677a65107fe9865f12a62499,,,,,,,,,,,,,,,,,,,
q_353,R_7CeSSjjlj9YGVFI,10/23/25 8:29,10/23/25 8:37,467,1,1,3,3,2,2,2,"2,3,5,6",,3,2,1,5,4,6,,4,4,4,3,3,4,4,5,5,2,2,4,3,1,2,6,5,71,1,4,3,4,2,2,5,3,84,92,82,77,14,61,5,5,4,4,1,1,1,5,1,2,5,Every little tikes toy I have purchased has been great quality and lasted. I would recommend them to anyone.,67aced4b25f62493088645b8,,,,,,,,,,,,,,,,,,,
q_354,R_3rUsqPu0NnLasjp,10/23/25 8:34,10/23/25 8:37,200,1,1,3,5,2,2,1,"2,3",,3,2,1,5,4,6,,4,4,4,2,2,3,3,4,4,1,1,4,3,1,2,5,6,75,5,4,4,2,3,2,4,2,88,76,86,80,19,51,3,3,4,2,2,4,2,4,1,2,4,the products are timeless and encourage active play and that's a positive thing,63d156100e702f67d226f892,,,,,,,,,,,,,,,,,,,
q_355,R_14oTpzuwFh8v26E,10/23/25 8:25,10/23/25 8:37,722,1,1,2,5,2,2,2,"1,6",,3,2,1,5,4,6,,4,4,4,2,3,4,5,5,4,2,3,4,2,3,1,5,6,74,2,4,4,4,3,3,4,4,80,82,80,81,71,90,5,3,4,5,3,5,3,5,4,2,4,There are lots of great toy brands,66e44f7a00754b042072ba54,,,,,,,,,,,,,,,,,,,
q_356,R_64pBAsWVaztVuTv,10/23/25 8:11,10/23/25 8:37,1561,1,1,4,5,2,2,2,"2,3,4",,3,1,4,6,5,2,barbie,5,5,4,2,3,3,3,4,4,1,3,4,3,1,2,6,5,85,3,5,4,3,3,2,5,2,80,90,89,81,31,71,5,5,5,4,3,3,3,5,1,2,5,Little Tikes have always been consistent in their quality and they are affordable as well.,58ed2be2a083320001a13783,,,,,,,,,,,,,,,,,,,
q_357,R_3lRQAPKEuIuHu2l,10/23/25 8:32,10/23/25 8:38,343,1,1,1,2,1,2,1,"1,4",,5,1,3,4,2,6,,2,1,3,3,3,1,2,1,1,3,3,4,6,5,2,3,1,55,2,1,3,3,2,1,3,3,44,20,53,16,41,45,3,2,4,3,3,1,4,3,1,2,4,because i like very much,5f62c1eea3901f34d53e1c18,,,,,,,,,,,,,,,,,,,
q_358,R_3QouorX7za6LoYW,10/23/25 8:22,10/23/25 8:38,966,1,1,3,6,1,2,1,"1,2,3,4",,3,4,5,2,1,6,,4,4,4,3,3,5,5,4,4,3,3,2,1,3,4,5,6,68,1,4,4,4,4,4,4,4,65,64,63,62,61,61,3,3,3,4,3,3,3,3,1,2,3,it's toys are good and high quality,672e86a538b9e142805a426e,,,,,,,,,,,,,,,,,,,
q_359,R_7MncVIclMRYVDa9,10/23/25 8:36,10/23/25 8:39,172,1,1,1,2,1,2,2,"1,4",,3,2,4,5,1,6,,4,4,2,3,2,4,5,4,3,1,1,3,4,1,2,6,5,26,1,2,2,2,2,1,4,4,80,75,72,66,2,3,4,4,4,5,3,3,3,4,1,2,4,"Decent, durable toy brand",5baa8cafc67122000123cab1,,,,,,,,,,,,,,,,,,,
q_360,R_3CNFu8NkXPjouPu,10/23/25 8:26,10/23/25 8:39,741,1,1,4,2,2,3,2,2,,2,1,4,5,3,6,,5,4,5,5,5,4,5,5,4,1,2,2,1,4,3,5,6,97,3,5,5,4,3,5,5,4,50,87,63,100,24,99,3,1,1,5,1,1,1,5,1,3,5,I’ve always loved little times products.,663631e9a98cfc7ea17bbde6,,,,,,,,,,,,,,,,,,,
q_361,R_5OGxi46OhNSZByu,10/23/25 8:35,10/23/25 8:39,241,1,1,3,4,1,2,4,"1,3,5",,4,2,1,5,3,6,,5,5,5,2,2,4,5,5,5,3,3,3,2,1,4,6,5,70,1,4,5,5,2,3,4,1,100,100,90,80,0,80,5,3,3,5,3,3,3,5,1,3,5,Toys are very durable and have a retro look/feel.,63db28baa4a5f06f19e7efc8,,,,,,,,,,,,,,,,,,,
q_362,R_5mlavPd4tbiRk9j,10/23/25 8:28,10/23/25 8:39,684,1,1,2,3,2,2,4,"1,3,4,5,6",,1,3,4,5,2,6,,4,4,5,1,4,4,5,5,4,1,4,1,5,3,4,6,2,90,1,5,5,5,4,2,6,3,96,77,75,49,5,87,4,2,5,5,2,1,1,4,4,3,5,I remember how much fun I had playing with them and how good they were for me as a child. They are not to be missed toys.,5a9493ce873cda0001dc6dfb,,,,,,,,,,,,,,,,,,,
q_363,R_1fMSJofAsAH7xxn,10/23/25 8:34,10/23/25 8:39,296,1,1,2,2,2,2,2,"1,2,3,4,5",,1,3,2,5,4,6,,4,4,4,4,2,4,4,4,3,4,3,1,3,2,5,4,6,76,4,4,3,3,4,3,4,3,78,78,77,84,34,80,5,5,5,5,3,3,3,5,1,2,5,I give it that score because their toys are made to be very durable and the quality is great. It’s perfect for kids. I also like that they make toys that the kids can grow with.,5df39c6805620526e328a329,,,,,,,,,,,,,,,,,,,
q_364,R_3lytFmFwZrdxX1E,10/23/25 8:26,10/23/25 8:39,833,1,1,2,6,2,2,2,"1,2,3,4",,4,1,2,5,3,6,,4,4,4,3,3,4,4,4,4,2,3,3,1,2,4,6,5,68,5,4,4,3,4,2,5,3,86,91,98,90,50,88,5,3,5,5,3,3,3,5,1,3,5,I rated it high because little tikes is a great brand in my opinion. They are quality built and provide alot of fun kids. And they are safe toys.,5ad78b91b24ddb0001744bc4,,,,,,,,,,,,,,,,,,,
q_365,R_5mOUHkTw8XFlNKC,10/23/25 8:35,10/23/25 8:40,261,1,1,2,3,1,1,3,"1,2,3,4,5",,2,4,3,5,1,6,,4,4,4,2,4,4,5,5,5,4,4,5,2,4,1,6,3,89,1,4,4,4,4,3,4,4,86,88,84,73,68,84,4,4,3,5,4,3,4,5,1,3,5,"I gave a score of 5 because Little Tikes makes durable, safe, and fun toys that kids love. I also appreciate that their items are easy to assemble and designed with children’s development in mind.",671fae1be03bf361e4a6342e,,,,,,,,,,,,,,,,,,,
q_366,R_3nOYZ19P0HZIgmE,10/23/25 8:34,10/23/25 8:40,359,1,1,1,6,1,2,3,"4,5,6",,3,2,4,5,1,6,,5,5,5,2,4,5,5,5,5,1,3,3,2,4,1,6,5,80,1,4,4,3,4,1,5,2,95,95,52,52,10,87,4,1,2,5,1,1,1,5,3,3,5,Because I loved my little tikes toys as a child and I love that my kid can have the same toys today.,5d7eb63f85d34b0017658143,,,,,,,,,,,,,,,,,,,
q_367,R_3R0EGxAt4LOQrkJ,10/23/25 8:24,10/23/25 8:40,985,1,1,3,3,2,1,1,"1,2,3,4",,4,2,3,5,1,6,,4,4,4,2,3,4,4,3,4,3,2,3,1,4,2,6,5,98,3,5,5,5,2,4,4,3,90,100,99,99,10,99,5,5,5,3,3,3,3,5,1,2,5,It is a brand I know well and trust,663388f6d4e404ce37e9b350,,,,,,,,,,,,,,,,,,,
q_368,R_11hnMW2yCXRf1JM,10/23/25 8:31,10/23/25 8:40,516,1,1,4,6,2,1,1,"3,4,5,6",,3,1,2,5,4,6,,5,5,5,2,5,4,4,4,2,1,5,3,4,2,5,6,1,100,1,5,5,5,5,1,5,5,100,100,100,100,17,82,5,1,4,5,1,1,1,5,1,3,5,There's too much technology. Kids need something wholesome and real.,670170d009f9a820a5d1e654,,,,,,,,,,,,,,,,,,,
q_369,R_7nIwQDZPNBguF9g,10/23/25 8:37,10/23/25 8:40,193,1,1,4,4,2,3,2,"1,2,3,4,6",,1,3,2,5,4,6,,4,5,5,1,4,5,5,5,5,3,3,1,3,4,2,6,5,81,1,5,5,5,4,1,5,5,84,82,88,85,5,100,4,4,5,2,2,5,2,5,1,3,5,Little Tikes is my favorite toy brand,6634f79f9dc7092ff0170534,,,,,,,,,,,,,,,,,,,
q_370,R_6QJoGbUOYMu8dQq,10/23/25 8:34,10/23/25 8:40,400,1,1,1,5,2,2,2,"2,3",,1,2,4,5,3,6,,5,5,5,2,5,5,5,5,5,1,3,5,1,3,2,6,4,99,3,5,5,5,3,1,5,5,93,94,92,95,4,100,5,5,5,5,5,5,3,5,1,3,5,"Little tykes is iconic as it was around when we were younger and now still as we are older. The toys remain almost the same, giving our kids the same experience as us. Additionally, the toys are durable.",66663804caf28b190767a2f2,,,,,,,,,,,,,,,,,,,
q_371,R_1QU8asMrkaGPPix,10/23/25 8:37,10/23/25 8:41,190,1,1,2,6,1,2,4,6,,4,1,3,5,2,6,,4,4,3,3,1,3,5,4,5,4,3,4,1,3,2,5,6,21,2,3,3,3,3,3,3,3,75,88,71,46,42,23,4,3,4,5,3,3,3,4,2,2,4,"Quality, safe",67464f1e7e327bb792ac9af4,,,,,,,,,,,,,,,,,,,
q_372,R_6NxiNj0F367c2dz,10/23/25 8:33,10/23/25 8:41,441,1,1,1,3,1,1,1,"1,4,5",,4,3,1,5,2,6,,4,5,5,3,4,4,5,5,4,5,4,6,1,3,4,5,2,70,2,4,5,5,4,6,5,5,58,92,80,61,71,88,3,3,2,4,2,3,3,4,3,3,5,Is very minimalistic and showcase a lot of characters which forms memories,6651d1dbb86c52bd8858c3ef,,,,,,,,,,,,,,,,,,,
q_373,R_53H67n7t6l3y5B7,10/23/25 8:33,10/23/25 8:41,473,1,1,2,6,2,2,2,"3,4,5,6",,1,3,4,5,2,6,,5,5,5,1,5,5,5,5,5,1,4,2,4,3,1,6,5,100,4,5,5,5,5,1,5,5,100,100,100,100,75,100,5,4,5,4,3,3,3,5,1,3,5,"Not only Little Tikes toys' brings back beautiful childhood memories, their toys are educational, durable and extremely safe to use. It is worth every penny paid.",6169c1905c1df405208c77a5,,,,,,,,,,,,,,,,,,,
q_374,R_1GyabDbuODXUqdl,10/23/25 8:38,10/23/25 8:41,196,1,1,2,4,2,3,4,2,,3,2,4,5,1,6,,5,5,5,1,5,5,5,5,2,2,3,2,1,3,5,6,4,50,2,4,4,5,4,1,5,3,100,100,30,50,10,70,4,3,3,5,3,3,3,5,4,3,5,they are safe and simple products,5d4271aa397a630001f3c191,,,,,,,,,,,,,,,,,,,
q_375,R_7DCiEaE6wsilaYg,10/23/25 8:37,10/23/25 8:41,241,1,1,2,3,2,2,2,"2,3,6",,2,1,3,6,4,5,,5,5,5,1,4,4,5,5,3,1,2,2,1,3,5,6,4,81,5,4,4,5,4,1,6,3,85,91,91,71,0,87,5,3,5,5,2,1,1,4,1,2,5,I have fond memories of playing with Little Tikes toys when I was in a home-based daycare. Specifically the turtle sand box. I think its important for toy brands to continue to create those long lasting memories for future generations.,5ceac8abb5a9d90001c07ec0,,,,,,,,,,,,,,,,,,,
q_376,R_6jqOAM9VTljsk9N,10/23/25 8:38,10/23/25 8:41,177,1,1,3,4,2,2,1,"3,5",,3,1,2,5,4,6,,1,1,3,5,1,5,5,5,5,3,1,2,1,3,4,5,6,0,2,1,1,1,3,3,3,4,77,76,63,31,8,0,5,3,5,5,3,3,3,4,4,2,4,It is a known brand.,600db78b56935a5dd8c759b3,,,,,,,,,,,,,,,,,,,
q_377,R_32PV0Xiqxb3HZOO,10/23/25 8:38,10/23/25 8:41,190,1,1,1,4,2,2,4,"1,2,3,6",,1,2,3,5,4,6,,5,5,5,2,3,5,5,5,5,2,3,2,1,3,5,6,4,100,3,5,4,4,3,2,5,4,100,100,100,82,17,100,5,3,5,2,3,3,3,5,1,3,5,It’s a brand that I’ve known all of my life.,667dc345297b040fa844727a,,,,,,,,,,,,,,,,,,,
q_378,R_1BWbV3a0FDvW00D,10/23/25 8:37,10/23/25 8:41,269,1,1,1,6,1,1,1,"3,6",,2,5,3,4,1,6,,5,4,4,2,3,5,4,4,4,2,5,1,5,3,4,6,2,80,5,5,4,4,4,2,5,4,75,80,95,75,40,100,4,4,4,5,3,4,2,4,1,3,5,The toys encourage active and imaginative play instead of just screen time.,66ae5acbee44afeef2f7cb05,,,,,,,,,,,,,,,,,,,
q_379,R_5rI2xbzzvpRqATf,10/23/25 8:38,10/23/25 8:41,215,1,1,1,5,1,1,3,"1,4,6",,3,2,4,5,1,6,,4,4,3,1,4,5,5,4,4,2,2,3,4,1,2,5,6,45,1,4,3,3,4,3,1,4,88,89,81,80,77,41,5,4,5,5,4,4,4,5,4,2,5,THey have some good toys that are cheap so. Most kids 2-7 out grow toys pretty fast so the fact that they are cheaper and entertaining is a plus.,67a3b2d3efeb13c1fb597495,,,,,,,,,,,,,,,,,,,
q_380,R_5t9AouqJ38dhrqt,10/23/25 8:27,10/23/25 8:41,854,1,1,2,3,2,1,1,"2,3",,2,1,4,5,3,6,,5,5,5,5,4,5,5,5,5,2,5,1,2,4,3,6,5,100,3,5,5,5,5,2,5,5,97,100,100,100,24,99,5,3,2,4,3,1,1,5,4,3,5,Because Little Tikes are timeless,66b954982818133f9ced358a,,,,,,,,,,,,,,,,,,,
q_381,R_1s5SVWifW0e3O3Q,10/23/25 8:38,10/23/25 8:41,183,1,1,2,3,1,2,3,2,,4,2,1,5,3,6,,4,4,4,2,3,4,4,3,5,2,2,2,1,5,3,6,4,80,5,4,4,4,4,5,4,4,84,77,79,82,78,81,4,4,5,3,1,5,1,5,1,2,5,I’m not so concerned with the brand as much as I am of what type of toy,62916bb383e38e21d42cef2b,,,,,,,,,,,,,,,,,,,
q_382,R_5uCztFXAzpO423L,10/23/25 8:03,10/23/25 8:42,2316,1,1,2,5,1,3,3,"3,6",,4,2,5,6,1,3,Milton Bradley,5,5,5,1,2,4,5,4,3,2,2,2,1,3,4,6,5,28,4,4,3,5,2,1,6,1,100,100,75,75,0,65,5,4,4,5,3,3,3,4,1,2,5,I used them when I was a kid and with my kids. I trust them.,5c2dae2110677f0001dd1137,,,,,,,,,,,,,,,,,,,
q_383,R_3vu5JxZGje2WN69,10/23/25 8:31,10/23/25 8:42,654,1,1,3,5,1,2,4,"4,5,6,7",reddit,1,2,3,4,5,6,,4,5,4,1,3,4,4,5,4,3,4,2,3,1,5,6,4,61,2,4,5,5,4,4,5,2,80,90,80,61,20,80,4,3,5,5,1,1,1,4,1,2,4,It is a trusted and safe brand that produces quality products. They have been around for a long time and have never had any scandals or recalls as far as I can remember.,6630fcae418bde6a9e7c3b47,,,,,,,,,,,,,,,,,,,
q_384,R_7uUR58EI3xncCK9,10/23/25 8:39,10/23/25 8:42,184,1,1,1,5,2,2,2,"1,3,4,5,6",,2,1,3,6,4,5,vtech,5,5,5,5,4,5,5,5,5,5,5,1,2,3,4,5,6,100,1,4,4,4,5,5,5,5,90,80,70,60,20,40,4,1,2,4,1,1,1,4,1,3,4,"It is reliable and basic, trustworthy.",66ec5904d71fbac55031aaf5,,,,,,,,,,,,,,,,,,,
q_385,R_3kFUYcIhWLXTWVY,10/23/25 8:35,10/23/25 8:42,409,1,1,1,4,1,2,2,"5,6",,4,1,3,5,2,6,,5,5,3,2,2,3,4,5,5,1,1,1,2,3,4,5,6,39,1,4,3,4,4,1,3,4,92,81,80,69,11,60,5,3,5,5,3,3,3,5,4,3,5,"The quality is top tier, good value and they encourage play and imagination",5a03f0e09b760100013a6a44,,,,,,,,,,,,,,,,,,,
q_386,R_1HMpu75lYzcwbTU,10/23/25 8:35,10/23/25 8:42,407,1,1,1,4,1,2,3,"1,3,4",,1,2,4,5,3,6,,4,5,5,4,4,4,5,5,5,1,4,3,1,2,4,6,5,70,1,4,4,4,3,2,5,5,54,64,75,76,75,74,5,5,5,5,1,5,1,5,3,2,5,"as a parent, it brings back memories of your own.",62951d61147684f43f2c5d5f,,,,,,,,,,,,,,,,,,,
q_387,R_1e9WmZ0tCNeDj5O,10/23/25 8:38,10/23/25 8:42,207,1,1,3,5,2,2,3,"1,2,3,4,5",,4,3,2,6,5,1,Hasbro,5,5,5,1,4,5,5,5,5,1,3,2,1,3,4,6,5,90,3,5,5,5,5,1,5,4,100,100,95,100,20,90,5,5,5,5,5,4,4,5,1,3,5,"I think Little Tikes is a trustworthy brand that makes fun, high-quality items",63f7df76fda679592c5132bf,,,,,,,,,,,,,,,,,,,
q_388,R_1n7uPtKq6Cz7CyI,10/23/25 8:38,10/23/25 8:42,218,1,1,1,6,2,2,1,"1,3,4",,4,1,2,5,3,6,,5,5,5,2,5,3,5,4,4,3,4,5,1,2,3,6,4,100,3,5,5,5,5,4,5,2,100,100,100,56,62,100,5,3,3,5,3,3,3,5,1,3,5,"That little red car with the yellow roof was something I desperately wanted when I was a kid. Even now whenever I see one, I feel emotional. I bought one for my child, so he could have what I never had but always wanted, and I feel like I made something right for my childhood and his.",663cca6f32da191e05406d21,,,,,,,,,,,,,,,,,,,
q_389,R_6oC6TKBuuWX296T,10/23/25 8:39,10/23/25 8:42,170,1,1,1,6,1,3,2,"4,5",,3,1,2,5,4,6,,5,5,5,1,2,5,5,4,5,4,2,2,1,4,3,5,6,98,5,5,5,5,5,1,5,4,100,100,100,100,1,100,5,4,4,3,3,3,3,5,1,3,5,I loved Little Tikes when I was a kid and love them now as my 2 year uses Little Tikes toys. They are timeless and classic,64d5092cd7108d1abc6031e9,,,,,,,,,,,,,,,,,,,
q_390,R_6OqUrXqmySe5KO8,10/23/25 8:38,10/23/25 8:42,258,1,1,3,4,1,2,3,"1,3,6",,3,2,4,5,1,6,,4,5,5,2,3,4,4,5,3,1,3,2,3,1,4,6,5,59,1,4,3,4,3,2,5,4,84,86,83,52,8,62,5,3,5,5,3,3,3,5,4,3,5,These toys get beat up and keep going. They also lean towards play outdoors which is a priority for my kids.,6658d12efb179f9ef117c68c,,,,,,,,,,,,,,,,,,,
q_391,R_1Ov529mfFXDUNMP,10/23/25 8:40,10/23/25 8:42,170,1,1,2,3,2,2,3,3,,1,2,4,5,3,6,,4,4,4,4,4,4,4,4,4,4,4,1,2,4,5,6,3,100,2,4,4,4,5,5,5,5,100,100,100,100,100,100,5,5,5,5,3,3,3,5,1,3,5,because there amazing and last forever.,66bd2f936ab3b23d4a8abbe3,,,,,,,,,,,,,,,,,,,
q_392,R_3CXAjI4lneNlCRX,10/23/25 8:37,10/23/25 8:42,311,1,1,1,2,2,1,3,"1,2,3,4,5",,2,4,3,5,1,6,,4,5,4,2,3,4,5,5,5,2,3,1,3,4,2,6,5,65,3,4,5,4,4,5,3,4,62,70,79,61,41,85,2,4,5,5,3,4,4,5,2,3,5,"They are durable, safe, and engaging for young children.",67e1dede9ac73d05f0eb255e,,,,,,,,,,,,,,,,,,,
q_393,R_3Orkjw7lb7q6x3K,10/23/25 8:36,10/23/25 8:42,396,1,1,4,6,2,2,2,3,,4,1,2,5,3,6,Toys R Us,5,5,5,1,4,4,5,4,3,1,4,2,1,3,5,6,4,90,1,4,5,4,4,1,5,4,90,90,91,81,10,81,5,4,4,5,2,4,1,4,1,3,5,"Little Tikes is part of my history - though more so as an aunt than a child. (I was the baby of 8 and I was an aunt by the time I was 2 years old) My nieces and nephews had more Little Tikes than I did, but they were still enjoyed by me.",6266a87a7adacd7a91cabc93,,,,,,,,,,,,,,,,,,,
q_394,R_5uHEL4ETNNW5RSr,10/23/25 8:29,10/23/25 8:42,813,1,1,3,6,1,3,2,"3,4,6",,3,2,1,5,4,6,,4,4,3,3,2,4,5,4,4,3,2,3,1,2,4,5,6,70,5,4,4,4,4,2,4,4,100,100,91,80,10,60,5,3,3,5,5,3,3,5,1,3,5,Little Tykes is a wonderful brand,66533024e61763d354bec627,,,,,,,,,,,,,,,,,,,
q_395,R_7HS7IHRIWrzsiUJ,10/23/25 8:38,10/23/25 8:42,244,1,1,4,4,2,1,1,"2,4,5",,4,3,1,5,2,6,,4,4,3,4,3,4,5,5,3,1,4,3,4,1,5,6,2,88,3,4,4,4,5,2,5,4,85,92,96,92,31,94,5,5,4,5,4,4,5,5,1,2,5,Good quality products that last a long time .,6110cc7953ceabe57ba06641,,,,,,,,,,,,,,,,,,,
q_396,R_3DIrI2dE6jtzqFe,10/23/25 8:39,10/23/25 8:43,199,1,1,3,4,2,2,2,"3,4,6",,1,2,4,5,3,6,,4,4,5,2,2,4,4,5,3,2,3,2,3,1,4,6,5,80,3,4,5,5,4,2,5,4,90,90,80,50,22,89,5,5,4,5,2,2,2,5,4,3,5,"Little Tikes has some great toys. They are fun, safe, and can be played with in multiple ways.",66d83fb0c75a948077515b49,,,,,,,,,,,,,,,,,,,
q_397,R_5nNlk2iJcyffwCG,10/23/25 8:39,10/23/25 8:43,243,1,1,3,4,2,3,2,"1,2,3,5,6",,2,1,3,6,4,5,barbie,4,5,5,4,4,5,4,4,4,4,4,1,2,3,4,6,5,97,3,5,5,5,5,2,5,2,98,90,89,80,9,88,4,4,5,5,4,1,1,5,1,3,5,Great quality items your kids will be play with over and over again.,66927596325885c57058e460,,,,,,,,,,,,,,,,,,,
q_398,R_3qatM3wmRfrKBs6,10/23/25 8:35,10/23/25 8:43,476,1,1,3,6,2,2,4,"1,2,3,4,5,6",,3,4,2,5,1,6,,5,5,5,1,5,5,5,5,5,5,5,3,2,6,1,4,5,40,1,2,4,4,5,2,5,5,100,98,97,92,82,93,4,4,4,5,4,4,5,5,1,3,5,its a good brand,67e42264dcb48e795254b422,,,,,,,,,,,,,,,,,,,
q_399,R_5zckLvmvePH3DxM,10/23/25 8:36,10/23/25 8:44,519,1,1,1,4,2,1,2,"1,2,3,4,5,6",,3,4,2,5,1,6,,4,4,5,2,4,5,5,4,5,5,2,3,5,6,2,4,1,100,1,5,5,5,5,3,6,6,100,100,100,76,41,100,4,2,3,5,4,2,2,5,1,2,5,I trust this brand more then other.,66abc1c82e0fab4f407454a8,,,,,,,,,,,,,,,,,,,
q_400,R_1LX31XqyU0ivhqN,10/23/25 8:41,10/23/25 8:44,225,1,1,4,5,1,2,3,"2,3,4,5",,2,1,3,5,4,6,,5,5,4,1,5,5,5,3,4,2,3,1,2,4,3,6,5,89,3,5,5,2,2,4,2,5,80,55,70,34,12,93,5,4,5,5,3,3,3,4,1,2,5,I think that they are a quality brand that has lots of featrues that kids enjoy today.,65f357c5a622d1c759309691,,,,,,,,,,,,,,,,,,,
q_401,R_6Yh07x25oibMvQd,10/23/25 8:40,10/23/25 8:44,273,1,1,4,2,1,3,2,"1,2,3,4,5,6",,2,3,4,5,1,6,,5,5,5,2,4,5,5,4,4,3,4,2,1,4,3,6,5,80,2,5,5,5,4,2,4,2,85,85,75,100,60,85,4,3,3,4,3,3,3,4,1,3,4,They are durable and proven toys.,66c11172409d7fd12faae4bd,,,,,,,,,,,,,,,,,,,
q_402,R_37yD8SesceLGZTT,10/23/25 8:34,10/23/25 8:45,625,1,1,3,4,1,3,2,"1,2,4",,2,1,4,5,3,6,,4,5,4,2,3,3,5,4,5,1,3,4,3,2,1,6,5,79,3,4,5,4,4,2,5,3,83,88,98,64,72,83,4,2,4,4,2,3,2,5,1,3,5,I know Little Tikes and grew up with the toys. They are very unique and fun for kids to play with. You can also easily repair them if they get broke.,6716f188b131fa30ab5365c2,,,,,,,,,,,,,,,,,,,
q_403,R_3YzHRNKv7noFQG2,10/23/25 8:36,10/23/25 8:45,577,1,1,1,3,1,2,2,"1,3,4",,3,1,4,2,5,6,,5,4,5,5,4,4,4,4,5,4,5,2,5,1,3,4,6,52,4,4,4,3,5,4,5,5,70,60,83,70,79,53,4,4,3,4,4,4,3,3,2,2,4,"I gave a high score because Little Tikes products are consistently durable, safe, and fun for young kids. Their toys encourage active play and creativity, and they hold up well even after lots of use.",60fd11644f3b16e2483cb1e4,,,,,,,,,,,,,,,,,,,
q_404,R_38ANtelDjyhmKRs,10/23/25 8:41,10/23/25 8:45,246,1,1,2,5,1,2,4,"5,6",,3,4,5,6,1,2,Hasbro,5,5,5,1,4,4,5,5,3,3,4,3,1,2,5,6,4,30,1,4,4,4,2,5,4,3,90,100,74,52,13,69,5,4,5,5,3,3,3,5,2,2,5,I know the toys are timeless and well-loved by most people.,5b7c877f9dc643000172043d,,,,,,,,,,,,,,,,,,,
q_405,R_1Dbh0X6xtt735Dk,10/23/25 8:41,10/23/25 8:45,258,1,1,4,5,1,2,2,"1,2,3,4",,3,1,2,5,4,6,,4,4,4,2,3,3,3,4,3,3,3,2,3,1,6,4,5,81,1,4,4,4,3,3,4,3,79,71,67,54,31,71,4,2,3,3,3,3,3,4,2,3,4,I remember having fun with it and would want to pass that along,5f6b8930b9d9530b1b065360,,,,,,,,,,,,,,,,,,,
q_406,R_1uNnEofumll76et,10/23/25 8:40,10/23/25 8:47,368,1,1,4,6,1,1,3,"4,5,6",,4,2,3,5,1,6,,4,5,4,4,2,5,5,4,4,2,1,2,1,4,3,5,6,70,5,3,2,1,2,2,3,2,68,70,70,68,24,50,3,3,4,5,2,2,1,3,1,2,4,"Generally the quality is good for the kid and the items are safe. The prices can be high, but not as high as other brands. The durability is not as good as it once was",6775769716cc341ffb0ec020,,,,,,,,,,,,,,,,,,,
q_407,R_1NT7WgDp5nKZk5P,10/23/25 8:43,10/23/25 8:47,222,1,1,3,3,2,3,2,"1,2,3,6",,1,3,2,5,4,6,,5,5,5,1,4,5,5,4,3,3,4,1,3,4,5,6,2,91,3,5,5,5,4,2,5,4,100,76,88,73,42,100,4,3,4,3,2,2,2,5,1,3,5,They are durable and because of my own experiences as a kid. I know my kids will have fun with them,67b2a40c43ca61a2b3a6d45b,,,,,,,,,,,,,,,,,,,
q_408,R_6YExZPuQqWluT7T,10/23/25 8:40,10/23/25 8:48,482,1,1,4,5,2,2,1,"1,2,3,4,5",,1,2,3,5,4,6,,4,5,5,1,4,5,4,4,4,3,4,2,1,3,4,5,6,80,5,5,4,5,5,5,5,5,97,85,95,90,60,82,5,4,4,5,3,2,2,5,1,3,5,I think liitle tikes bring that simple childhood toy. Its normally everyone's first toy.,66e7a809808daaac1a79dd40,,,,,,,,,,,,,,,,,,,
q_409,R_1k1hbOWFNCxJbzM,10/23/25 8:40,10/23/25 8:48,503,1,1,1,3,1,1,2,"1,2,3,4",,2,1,4,5,3,6,,5,4,5,4,4,4,5,4,5,3,4,3,1,4,2,6,5,100,5,5,5,5,5,3,5,3,100,84,100,71,68,100,4,4,5,5,3,4,4,5,1,3,5,I gave it a 5 star because growing up i had a lot of their toys and me and my siblings would play all day with them. Kids love their toys.,66ffc2f1e0292e21a1635c1a,,,,,,,,,,,,,,,,,,,
q_410,R_54HK13Bgl5DCz3K,10/23/25 8:33,10/23/25 8:49,971,1,1,3,5,2,2,4,"2,3",,3,1,2,6,4,5,Patel,5,5,5,3,3,4,4,4,4,4,4,3,1,4,2,6,5,63,1,4,4,4,5,2,5,5,100,89,99,80,7,92,5,2,1,4,1,1,1,5,1,3,5,Everything is changing nowadays with the new technology and I think kids should stay kids and not grow up fast. Little Tikes is a brand that requires a lot of imagination,66bbd193aeec42b007ed0fa1,,,,,,,,,,,,,,,,,,,
q_411,R_6oEYvJTMAuCZgiZ,10/23/25 8:31,10/23/25 8:49,1095,1,1,1,4,3,1,1,"1,4,5",,1,3,2,5,4,6,,5,4,4,4,2,5,4,4,5,3,4,1,2,5,3,6,4,64,1,4,5,4,5,4,6,5,54,83,48,64,55,16,5,3,3,4,3,3,3,4,3,2,4,These are known to be extremely durable!,5dc3552003f8562725a1b956,,,,,,,,,,,,,,,,,,,
q_412,R_1Y8PsNvCeJfc74d,10/23/25 8:33,10/23/25 8:50,1021,1,1,2,3,2,1,2,"1,2,3,4,5,6",,4,2,3,5,1,6,,4,4,5,3,3,5,5,5,5,4,3,4,1,3,2,5,6,70,5,4,3,4,4,5,3,3,90,70,100,80,60,70,4,3,3,5,3,3,2,3,2,3,4,Because the brand promotes creative role-playing and physical activities which are very essential for the healthy development of kids,67f2e663124c56672ad024e7,,,,,,,,,,,,,,,,,,,
q_413,R_1nNP6fJGwi65hp2,10/23/25 8:27,10/23/25 8:51,1432,1,1,1,5,2,2,2,"1,3,4",,3,1,4,5,2,6,,4,5,5,2,4,4,5,4,5,3,4,4,1,5,2,6,3,82,2,4,4,5,3,3,5,3,100,82,68,67,11,90,5,3,5,5,2,2,2,4,2,2,4,Familiar and steady,5588e0b4fdf99b304ee56a0e,,,,,,,,,,,,,,,,,,,
q_414,R_7ssFS49pxUsnNdL,10/23/25 8:47,10/23/25 8:53,329,1,1,1,3,1,2,1,"1,2,4",,4,1,3,5,2,6,,5,5,5,1,4,5,5,5,5,2,5,1,2,5,3,6,4,100,1,5,5,5,5,2,6,5,100,91,84,100,13,100,5,2,1,5,1,1,1,5,1,3,5,Been around forever.,5e5c2320b22c133f86923d14,,,,,,,,,,,,,,,,,,,
q_415,R_1ETLLIwzLLrNjnH,10/23/25 8:42,10/23/25 8:53,637,1,1,2,4,2,1,3,"1,2,3,4,7",Family and friends,4,1,5,3,2,6,,4,4,4,3,4,5,5,5,5,4,2,4,2,3,1,5,6,25,2,3,5,4,4,5,4,2,90,97,81,11,9,49,4,4,3,5,4,4,4,5,4,3,5,It's one of the safest their ward can use,67f302367b115d1edb94f0b0,,,,,,,,,,,,,,,,,,,
q_416,R_6lnlpV3KjbYoRhr,10/23/25 8:49,10/23/25 8:53,250,1,1,1,4,1,2,3,"4,5,7",reddit,3,2,4,5,1,6,,4,4,4,2,3,5,4,5,3,1,3,1,3,2,4,6,5,89,3,4,4,4,3,1,4,3,87,84,83,63,12,91,4,4,5,5,3,5,3,4,4,2,4,"They usually carry a line of classics and streamlined items that allow for a child to play alone and with others in a way that encourages basic, necessary styles of interaction and performance.",63d152b604e8c21933a58a66,,,,,,,,,,,,,,,,,,,
q_417,R_3BPjXsr1VyHNFGD,10/23/25 8:48,10/23/25 8:54,352,1,1,2,5,2,3,2,"1,3,4",,1,2,3,4,5,6,,4,4,5,4,4,4,4,4,5,2,3,1,2,3,4,5,6,100,5,5,5,5,5,5,5,5,100,100,100,100,52,100,5,3,4,5,3,3,3,5,1,3,5,The brand speaks for itself. The toys are sturdy and durable and fun to play with,67efd5b8828d3a907c2f755a,,,,,,,,,,,,,,,,,,,
q_418,R_1eyTGhWvqLsnHfo,10/23/25 8:44,10/23/25 8:54,622,1,1,2,3,2,1,1,"3,5",,2,4,3,5,1,6,,4,4,5,2,4,4,4,5,4,2,4,3,5,2,4,6,1,85,5,5,4,5,4,2,5,4,75,80,100,70,45,100,4,4,3,5,4,3,4,5,1,3,5,"I gave Little Tikes a high rating because their toys are safe, durable, and great for encouraging active and creative play. I’ve always seen them as a trusted brand that makes quality products for kids, and I’d definitely recommend them to other parents.",66d5d931d3a66fa93bdfddb9,,,,,,,,,,,,,,,,,,,
q_419,R_5dEqfBS39w190TU,10/23/25 8:51,10/23/25 8:56,261,1,1,2,4,2,2,2,"1,3",,3,1,2,5,4,6,,4,4,4,4,4,4,5,4,3,3,2,3,1,2,4,5,6,70,5,4,4,4,4,4,3,4,87,85,84,14,22,95,5,2,2,5,1,1,1,4,2,2,3,They have a good reputation,60d1429992c4cb380dd59b15,,,,,,,,,,,,,,,,,,,
q_420,R_3FILAzPQKieODNp,10/23/25 8:48,10/23/25 8:56,477,1,1,1,4,1,1,2,"1,5",,3,2,4,1,5,6,,3,4,3,4,4,5,5,5,5,5,5,2,1,4,3,5,6,92,2,4,4,4,5,4,5,5,92,96,81,90,83,93,5,4,5,5,4,5,4,5,2,3,5,I gave this score because it has safety feature which help kids not to get hurt when playing.,67e065974c85fbeb5f9f43be,,,,,,,,,,,,,,,,,,,
q_421,R_7af39a4PwmjG50Z,10/23/25 8:48,10/23/25 8:56,525,1,1,1,5,2,2,2,"1,3",,2,3,1,4,5,6,,4,5,4,2,3,5,5,4,4,2,4,1,2,3,5,6,4,85,3,4,4,4,4,2,5,4,83,85,86,51,10,92,5,5,3,4,2,2,2,5,1,3,5,I love their toys,67892eff7160598a4589ea57,,,,,,,,,,,,,,,,,,,
q_422,R_5gLxlHrhximEWnG,10/23/25 8:54,10/23/25 8:57,178,1,1,2,4,1,2,3,"1,2,3,4,5,6",,2,1,3,5,4,6,,5,5,5,1,5,4,4,5,4,3,3,2,3,1,4,5,6,100,3,5,5,5,5,3,5,5,81,78,89,73,17,100,5,5,5,5,4,4,3,5,1,2,5,I think that it is a great brand that has kids use their imagination more than other toys.,66472a03650f9441b8f815d9,,,,,,,,,,,,,,,,,,,
q_423,R_6FESe2SrSbkx42G,10/23/25 8:55,10/23/25 8:57,114,1,1,1,1,1,3,4,"2,4,6",,3,2,4,5,1,6,,4,4,4,5,3,4,5,5,4,2,3,3,2,1,5,6,4,67,3,4,4,5,4,4,4,4,24,56,76,61,72,57,4,3,4,5,3,4,4,4,2,3,4,Because they have a wide variety of great toy selections,62cf6b6df766eafbd3f5a176,,,,,,,,,,,,,,,,,,,
q_424,R_3PzbU19XCqjbFCx,10/23/25 8:42,10/23/25 8:58,945,1,1,2,4,2,1,4,"1,2,4",,3,2,4,1,5,6,,4,4,3,4,2,4,5,5,4,3,4,2,1,4,3,6,5,70,1,4,4,3,5,4,4,5,80,70,60,89,41,80,4,4,5,3,4,3,4,4,1,2,4,It has the best quality.,675cc171cb8d76494d449054,,,,,,,,,,,,,,,,,,,
q_425,R_66oxxt6c76vIEGR,10/23/25 8:54,10/23/25 8:58,253,1,1,2,4,1,3,3,"5,6",,2,1,3,5,4,6,,4,5,3,4,3,4,5,2,3,5,3,2,1,6,5,3,4,30,1,4,4,4,4,1,5,3,80,85,60,60,10,60,4,1,5,3,1,1,1,4,1,2,5,Little Tikes is simple and reliable. They typically offer what a young child needs for an affordable price without being over the top.,6637f53e203e2f5f706d70ec,,,,,,,,,,,,,,,,,,,
q_426,R_7M68h5fMZMEsJOV,10/23/25 8:38,10/23/25 8:58,1197,1,1,1,2,2,1,3,"1,2,3,4,5,6",,3,2,4,5,1,6,Hasbro,4,5,4,2,4,4,4,4,4,3,4,5,2,3,1,6,4,80,5,4,4,4,3,2,4,2,84,88,100,79,35,84,4,3,4,5,3,4,2,4,1,3,5,"I gave a high score because Little Tikes offers durable, safe, and creative toys that encourage kids to be active and use their imagination.",67e80b7b69a2afc3b988096b,,,,,,,,,,,,,,,,,,,
q_427,R_5qRmr4QOFhV9ckx,10/23/25 8:54,10/23/25 8:58,281,1,1,1,6,1,2,2,"1,3,4,5,6",,1,2,4,5,3,6,,5,5,5,1,5,5,5,5,5,2,1,4,2,3,1,5,6,71,1,4,5,4,3,2,6,3,90,90,100,80,50,80,5,1,1,5,1,1,1,5,4,3,5,they are manufactured in a nearby commiunity to where i grew up.,64d542239dcf23c895827837,,,,,,,,,,,,,,,,,,,
q_428,R_705CHiNY9ppOmgV,10/23/25 8:42,10/23/25 8:59,1023,1,1,2,3,1,2,2,"2,4,5",,1,2,3,4,5,6,,4,4,4,2,2,5,5,5,5,4,2,2,1,3,4,5,6,70,3,4,4,4,2,4,3,3,85,84,61,62,20,80,4,4,4,5,4,4,4,4,3,2,4,Its a good brand and its reliable,67628abfa461bc8ff539c320,,,,,,,,,,,,,,,,,,,
q_429,R_6ltQOU1ywbvGSsy,10/23/25 8:55,10/23/25 8:59,257,1,1,4,4,1,2,1,"2,4",,2,4,1,5,3,6,,5,4,5,3,3,5,5,4,3,3,3,2,1,3,4,5,6,75,2,5,4,5,2,3,4,2,100,100,71,49,38,89,5,4,5,5,4,4,4,5,1,3,5,Little Tikes is a classic and trustworthy brand,578901354a84da00014c41cf,,,,,,,,,,,,,,,,,,,
q_430,R_7HYU54XP4vrQxPh,10/23/25 8:43,10/23/25 9:00,997,1,1,2,4,1,1,2,"4,5",,1,3,4,5,2,6,,4,3,4,4,4,4,5,4,4,3,4,1,4,2,5,6,3,92,1,4,3,4,5,4,5,5,80,40,60,29,49,51,3,3,4,5,3,3,2,5,2,3,5,"I learned a lot by using it, and it brought me a lot of joy, so I will like my kids and other people's kid to experience that joy too",67dda00e83d591e9a6123c5f,,,,,,,,,,,,,,,,,,,
q_431,R_5fcWCxQRzTXqc0x,10/23/25 8:50,10/23/25 9:01,633,1,1,4,6,2,2,2,"5,6",,3,1,2,5,4,6,,4,4,4,3,2,3,4,3,4,2,2,3,1,4,2,6,5,89,1,5,4,5,4,3,6,4,90,92,80,77,56,72,5,4,4,4,3,4,4,5,1,3,5,Quality toys that last for years.,66293ce3dba0764775195e58,,,,,,,,,,,,,,,,,,,
q_432,R_6WuwKo1o1b3XqCd,10/23/25 8:57,10/23/25 9:01,201,1,1,2,3,2,2,1,"1,3,4",,4,2,3,6,1,5,,4,4,3,4,3,2,4,3,4,2,3,1,2,4,3,6,5,88,3,4,4,4,3,2,4,2,77,91,89,71,40,100,4,2,4,5,1,1,1,5,1,2,3,I don’t talk much about toys with other parents,663b88ef6a7d1420a0df6a29,,,,,,,,,,,,,,,,,,,
q_433,R_6QDd9aEfH1roKeN,10/23/25 8:55,10/23/25 9:01,396,1,1,3,6,1,1,1,"5,6",,4,1,3,5,2,6,,5,5,5,4,4,5,5,5,5,4,4,2,3,4,1,6,5,83,1,4,4,3,4,3,6,5,70,73,82,86,65,90,5,4,2,5,3,3,2,4,2,2,4,"Little Tykes has been around for decades, you dont last that long if your doing something wrong",6719170f0f458ffa099009cd,,,,,,,,,,,,,,,,,,,
q_434,R_6HLd7YNl9sTf8jF,10/23/25 8:54,10/23/25 9:01,433,1,1,3,2,2,2,4,"2,4,5,6",,2,3,1,5,4,6,,5,4,5,4,4,5,5,4,5,5,5,2,1,3,6,4,5,98,3,5,5,5,4,4,5,5,94,99,96,95,92,89,4,3,4,4,4,4,4,5,4,3,4,"It is safe, integrates technology and above all, it is a brand that I trust.",682cd328bd53185cbbb59840,,,,,,,,,,,,,,,,,,,
q_435,R_7zHISNWlMWsnlE8,10/23/25 8:59,10/23/25 9:03,206,1,1,2,3,2,2,2,"3,4",,3,1,4,5,2,6,,3,3,3,3,2,4,5,3,2,2,3,2,1,3,4,5,6,25,1,4,4,4,5,5,5,5,75,92,75,27,20,67,4,4,5,5,5,1,1,4,1,1,4,I trust the toys to last a long time,66869948efe1461e1bfb0e70,,,,,,,,,,,,,,,,,,,
q_436,R_3fjTL0UcciPyAFU,10/23/25 8:59,10/23/25 9:03,198,1,1,4,3,2,1,2,"1,2,3,4,6",,3,4,5,2,1,6,,4,5,4,4,3,3,4,3,4,2,3,3,1,4,2,5,6,39,2,4,3,4,4,5,4,4,71,84,69,78,67,47,4,3,3,5,4,4,4,4,2,2,4,It is good,66e9236f775eae67be04229d,,,,,,,,,,,,,,,,,,,
q_437,R_7PdxOL5AALUS4r7,10/23/25 9:00,10/23/25 9:03,169,1,1,1,2,1,2,2,"1,5,6",,3,1,4,5,2,6,,4,5,4,2,3,5,5,5,5,1,2,2,1,3,4,6,5,85,1,4,4,4,3,2,5,2,95,85,80,80,25,90,5,4,4,5,4,4,4,5,4,3,5,"For all the aforementioned reasons, I had them when I was little, & I think they're safe & fun products.",5ed85f199883863679e485c8,,,,,,,,,,,,,,,,,,,
q_438,R_6ojMSLxJRd6CgrO,10/23/25 8:58,10/23/25 9:03,314,1,1,2,6,1,2,1,"3,4,5",,5,4,2,3,1,6,,4,3,5,4,3,4,5,4,3,4,5,6,1,3,2,5,4,70,4,4,5,5,4,3,5,2,57,32,87,70,82,58,4,3,4,5,4,3,4,3,2,2,3,It is interesting and educative for a young child,67e268cbf13dcd115337894c,,,,,,,,,,,,,,,,,,,
q_439,R_10uCH4sEoEYqwO5,10/23/25 8:40,10/23/25 9:03,1379,1,1,1,6,1,2,2,"3,4,5,6",,3,2,4,5,1,6,,5,5,4,2,4,5,5,4,4,3,2,2,1,4,3,5,6,100,1,5,4,4,4,3,5,4,95,90,85,75,40,100,4,4,5,4,5,3,4,5,1,3,5,"Little Tikes offers durable, safe, and imaginative toys that children love and parents can trust. The brand’s products encourage active, creative play and have a long-standing reputation for quality. As a parent, I appreciate how well their toys balance fun, learning, and reliability, making them an easy choice to recommend.",67e18df3adc77c0702ba396b,,,,,,,,,,,,,,,,,,,
q_440,R_7Ikiaq0bTztw8nL,10/23/25 9:00,10/23/25 9:06,364,1,1,1,2,1,3,1,7,None,2,3,4,5,1,6,,5,4,5,3,2,5,5,5,4,1,3,2,1,3,4,6,5,48,5,4,3,4,5,1,6,3,90,100,100,65,19,100,5,1,1,5,1,1,1,5,1,3,5,The toys encourage more imaginative play instead of just using modern trends that do not promote the child to think on their own. The quality of little tikes is one of the best.,66465d9b86a39e880cb3e63a,,,,,,,,,,,,,,,,,,,
q_441,R_7pc0FgR6svKfI5z,10/23/25 8:58,10/23/25 9:06,487,1,1,2,5,2,1,4,"1,3,4,5,6",,4,2,3,5,1,6,,4,4,4,3,3,4,4,4,4,4,5,2,1,3,4,5,6,80,5,4,4,4,4,5,4,4,59,70,79,70,69,61,4,4,3,5,4,4,4,4,1,2,4,because they are good,66e4fc9c0c958246837a6941,,,,,,,,,,,,,,,,,,,
q_442,R_3g8gVsvUhuKvjkz,10/23/25 9:02,10/23/25 9:07,276,1,1,3,5,2,1,3,"1,2,3,4,5,6",,2,4,3,5,1,6,,4,5,4,2,3,4,5,4,5,5,4,1,3,5,2,6,4,72,1,4,5,4,3,4,2,2,64,83,70,87,57,76,4,3,5,5,5,4,3,5,1,3,5,It is durable and the toys hold up well over time.,67e04fb6a0a0f7c68d0cb905,,,,,,,,,,,,,,,,,,,
q_443,R_6ylB4nt2uPeJKWR,10/23/25 8:57,10/23/25 9:08,618,1,1,4,3,2,2,2,"1,3,4,5,6",,4,5,2,3,1,6,,4,4,5,5,4,5,5,4,5,4,4,2,4,5,3,1,6,94,5,5,5,4,4,5,5,4,89,80,80,81,47,98,4,4,4,5,5,4,5,4,2,3,4,Because of its durability and quality brand and it encourages developmental play,660c9fe7b2e6bf22bcc608b1,,,,,,,,,,,,,,,,,,,
q_444,R_1Etuets3mwRLsWO,10/23/25 9:04,10/23/25 9:08,254,1,1,1,1,2,2,2,"2,3,4",,3,4,1,5,2,6,,4,4,4,2,4,4,5,4,4,2,2,5,1,2,3,4,6,80,1,4,4,4,2,4,3,1,90,90,70,59,9,90,5,4,4,5,4,4,4,5,2,3,5,because any child can play with these toys.,641ec1a9d9fe8a0941e39862,,,,,,,,,,,,,,,,,,,
q_445,R_1FbIm3maAxdIq93,10/23/25 9:05,10/23/25 9:08,183,1,1,1,2,2,1,2,"1,2,4,5",,1,2,5,4,3,6,,5,5,3,2,3,4,5,4,4,1,1,4,1,3,2,6,5,89,4,5,5,5,3,1,5,2,75,38,83,64,0,89,5,3,3,5,3,3,3,4,1,2,5,their products are engaging,664cfd560115ff4b3f239bb8,,,,,,,,,,,,,,,,,,,
q_446,R_7BbumAVVmqN5EiR,10/23/25 9:06,10/23/25 9:09,179,1,1,1,3,1,1,1,"1,3,4,6",,3,1,4,5,2,6,,4,3,4,3,3,3,4,4,3,1,2,4,3,1,2,6,5,57,2,3,3,3,2,1,5,3,82,80,43,31,11,54,3,2,1,5,1,1,1,4,1,2,4,Idk it's a classic I guess. I only really ever had the little red and yellow car when I was a kid.,66b0dbca7f5f04da0a408c1d,,,,,,,,,,,,,,,,,,,
q_447,R_7E9HNbyp0PymFPx,10/23/25 9:04,10/23/25 9:10,307,1,1,2,3,2,1,1,"1,2,3",,2,1,4,5,3,6,,4,4,5,3,5,2,2,5,5,2,5,2,5,1,3,6,4,86,5,4,4,4,2,1,5,5,100,100,100,95,14,100,5,5,5,5,5,3,3,5,1,3,5,I love the little tike.. because it feels nostalgic.,6785c9a550efa5a4f31df0dc,,,,,,,,,,,,,,,,,,,
q_448,R_52m38Z6Mo7zWa3L,10/23/25 9:02,10/23/25 9:10,467,1,1,2,3,1,1,1,"2,3,4,6",,1,2,4,5,3,6,,4,4,4,4,3,4,3,2,2,3,2,2,3,1,5,4,6,89,2,4,4,3,2,2,4,2,81,81,85,90,72,83,4,3,3,4,2,3,3,4,1,2,4,They offer durable products that last,664aa55ce849bcd782008c64,,,,,,,,,,,,,,,,,,,
q_449,R_3kK7GrPK6vhxpzb,10/23/25 8:49,10/23/25 8:55,357,1,1,2,4,2,3,2,6,,4,2,3,6,5,1,barbie,4,4,4,3,2,5,5,5,5,2,4,4,1,2,3,6,5,49,5,4,4,3,3,2,5,3,81,90,100,91,49,78,5,5,5,5,2,2,3,5,1,2,4,"consistently releases fun, vibrant, outdoor and indoor toys",663c5511f22b87c04670b29e,,,,,,,,,,,,,,,,,,,
q_450,R_3hYW9ylT8da1Ck9,10/23/25 9:07,10/23/25 9:10,174,1,1,2,4,2,2,4,"1,3",,1,2,3,5,4,6,NA,5,4,5,1,4,5,5,5,5,3,4,1,2,3,4,6,5,87,3,5,5,5,4,2,5,2,86,86,79,76,32,100,5,4,5,5,3,2,2,5,1,3,5,They have the original kids toys and bring back so many fond memories!,5ea3b1b9fc11ed33dde53561,,,,,,,,,,,,,,,,,,,
q_451,R_3FQVX6xWEcuea6r,10/23/25 9:07,10/23/25 9:10,192,1,1,3,5,1,2,4,"1,4,6",,3,1,4,5,2,6,,5,5,3,4,3,5,5,5,5,2,1,4,1,2,3,5,6,90,1,5,5,5,5,5,5,4,93,99,90,80,54,84,5,4,3,4,2,2,2,5,1,3,5,Little Tikes is classic and timeless. I could give my kids the same toys I played with as a a kid and know they'll be safe and have a great time.,66b0de14e69eb94be3e6de46,,,,,,,,,,,,,,,,,,,
q_452,R_3FklUoUvYQZgr3r,10/23/25 9:07,10/23/25 9:11,193,1,1,2,4,1,2,2,4,,1,2,3,5,4,6,,3,3,3,4,2,2,3,3,3,2,2,4,3,2,1,5,6,35,5,4,4,3,3,3,4,3,52,63,53,51,20,50,4,3,5,4,4,3,3,4,4,2,4,I think they are good if they fit what you're looking for,5dd3205a523df033442e19da,,,,,,,,,,,,,,,,,,,
q_453,R_3DA92QyALnMd0gV,10/23/25 9:10,10/23/25 9:12,149,1,1,2,6,1,1,1,"1,2,4",,1,2,3,4,5,6,,4,3,5,4,2,4,3,5,4,2,3,1,2,3,4,5,6,72,2,4,3,2,5,4,6,5,36,53,33,55,21,37,4,3,5,4,3,2,5,4,2,1,4,these all are my personal opinion,5fa3dc44bc91850202c76749,,,,,,,,,,,,,,,,,,,
q_454,R_5JU3cQCua38SUMx,10/23/25 9:03,10/23/25 9:13,555,1,1,2,3,1,3,4,"1,2,3,4,5",,3,2,1,5,4,6,,2,4,4,2,3,4,4,4,4,3,1,1,2,4,3,5,6,23,2,2,2,2,5,5,5,5,79,92,80,79,60,30,4,4,5,5,4,4,3,4,2,2,3,"Little Tikes makes durable and safe toys that children enjoy, but some products are a bit pricey compared to similar brands, so I’m mostly positive but not completely loyal.",6750f7eb7c60e2b2c22aeaea,,,,,,,,,,,,,,,,,,,
q_455,R_31vAPnU4OMutqUL,10/23/25 9:10,10/23/25 9:13,215,1,1,1,3,2,2,2,"2,3,4",,2,1,3,5,4,6,,4,5,4,4,3,5,5,5,4,1,2,1,2,3,4,6,5,68,2,4,4,5,4,1,5,4,100,99,79,68,0,73,5,3,4,4,2,2,2,5,4,2,5,"They have classic toys thats never go out of style, known for quality and safety",6664f7c85d3674a27eea24b7,,,,,,,,,,,,,,,,,,,
q_456,R_73TshYqaKhgYLHP,10/23/25 9:09,10/23/25 9:14,263,1,1,2,4,1,1,3,"1,2,3,4,5",,1,3,2,4,5,6,,4,5,5,3,3,4,5,4,5,5,3,4,1,5,2,3,6,79,1,4,5,5,6,5,4,5,90,91,98,80,80,90,3,2,3,3,4,3,3,5,3,3,5,"Not only reminds me of my own childhood but it promotes imagination and critical thinking, while adapting to technology",682cee61cd9e83aea7e3df3b,,,,,,,,,,,,,,,,,,,
q_457,R_57Beb62dI5LzLrk,10/23/25 9:13,10/23/25 9:15,112,1,1,1,3,2,3,2,"1,2,3,4",,1,2,3,4,5,6,,5,5,5,2,4,5,5,5,5,5,2,3,1,2,4,5,6,46,2,5,5,5,5,5,5,6,82,88,75,74,21,71,5,5,5,5,3,3,3,5,4,2,5,It's a great brand with fun toys,60fdf104935a0ef0e93762b0,,,,,,,,,,,,,,,,,,,
q_458,R_6r9GwCapwe7S1cB,10/23/25 9:11,10/23/25 9:15,239,1,1,2,6,1,1,3,"1,2,3,4,5,6",,4,3,5,1,2,6,,4,4,5,4,4,4,5,4,3,4,4,2,1,5,4,6,3,68,3,4,4,4,5,6,5,5,72,86,74,71,76,89,3,3,3,4,3,3,3,5,4,3,4,It is a brand that stands out and cares about the well-being of the children and creates good memories.,682b76cd7d1dde59f69b3b71,,,,,,,,,,,,,,,,,,,
q_459,R_1T9km78kk26uk0h,10/23/25 9:10,10/23/25 9:16,306,1,1,1,5,2,2,3,"1,2,3,5,6",,4,3,2,5,1,6,,4,4,4,4,3,5,5,5,5,3,2,4,1,2,3,5,6,89,5,5,5,5,4,5,3,4,98,98,100,95,57,88,4,4,5,5,4,4,5,5,1,2,5,Because I see my child enjoy playing with them alot,6825af939111d286546fdde6,,,,,,,,,,,,,,,,,,,
q_460,R_5L4kUAWaWG9i9tD,10/23/25 9:12,10/23/25 9:16,288,1,1,3,4,1,1,2,"2,3,4",,1,2,4,5,3,6,,5,5,5,2,4,4,5,4,5,3,3,2,1,3,4,5,6,90,3,5,4,4,4,4,5,4,82,75,89,61,29,93,4,2,3,2,3,3,2,5,1,3,5,Little tikes is one of the brands that is well known to get kids out of the house to play outside. As a parent growing up with little tikes I want the same for my kids,67a4c7cf8e592fb6d6af3899,,,,,,,,,,,,,,,,,,,
q_461,R_5HxRuvc62NnKkbT,10/23/25 9:12,10/23/25 9:18,355,1,1,2,6,1,3,1,"4,5",,3,2,4,5,1,6,,5,5,3,2,4,4,3,5,4,5,2,2,3,4,5,1,6,100,5,5,5,5,2,6,4,5,88,85,100,61,21,100,4,3,2,5,3,3,2,4,2,1,4,they been around forever and are still wonderful,67630619de3ffd0967c49875,,,,,,,,,,,,,,,,,,,
q_462,R_3VQ9C6zViyumjuh,10/23/25 9:13,10/23/25 9:18,320,1,1,2,3,2,1,1,"1,2,3,4,5,6",,4,3,1,2,5,6,,4,4,5,2,3,4,5,4,4,3,2,5,2,6,3,4,1,100,3,5,4,4,3,2,5,3,32,52,33,48,33,48,3,2,4,2,4,3,3,4,1,3,5,"I’ve had great experiences with Little Tikes toys over the years. They’re durable, safe, and they promote active play. Plus, the nostalgic value makes them a great choice for families who want to share those same memories with their children.",66a02cdb55be6cf110f418c1,,,,,,,,,,,,,,,,,,,
q_463,R_5To4lxzULfNGNSe,10/23/25 9:15,10/23/25 9:20,274,1,1,2,6,2,1,3,"3,4,5,6",,2,1,4,5,3,6,,5,5,4,4,3,4,5,3,5,4,3,3,1,5,2,4,6,71,1,4,5,4,5,4,5,5,72,82,47,64,33,82,4,3,4,4,3,4,4,4,2,3,5,"they are safe, durable and educative",67ed8799d312ce968a00692b,,,,,,,,,,,,,,,,,,,
q_464,R_5CO7s71Z6uoNWoa,10/23/25 9:11,10/23/25 9:20,572,1,1,1,3,2,1,3,"3,4",,1,2,3,4,5,6,,4,4,4,4,3,4,5,4,5,4,4,2,1,4,3,6,5,26,2,4,4,4,4,5,5,5,57,70,59,63,59,64,4,4,4,4,4,4,4,5,2,3,5,because it reminds me of my childhood,6779ab59311fd2904146f0d7,,,,,,,,,,,,,,,,,,,
q_465,R_1D8IXFwIOPdGUly,10/23/25 9:12,10/23/25 9:21,550,1,1,4,3,2,3,1,"3,4,5",,1,2,4,5,3,6,,4,5,5,1,5,5,5,4,4,3,5,2,1,3,4,6,5,100,1,5,5,5,5,2,5,5,97,98,97,100,19,97,5,5,5,5,1,1,1,5,4,3,5,I love Little Tikes brand and I have purchased it for my children. The products from Little Tikes are always durable and last a long time.,673c98875288d6affe06a226,,,,,,,,,,,,,,,,,,,
q_466,R_7zD2XYBePWoKrLP,10/23/25 9:06,10/23/25 9:22,944,1,1,2,6,2,1,2,"3,4,5,6",,2,1,3,5,4,6,,4,5,4,2,3,5,5,4,4,3,2,2,1,4,3,5,6,70,5,5,4,4,3,2,5,2,85,90,80,70,40,75,5,4,4,5,3,4,2,4,1,3,4,"I’ve always trusted Little Tikes. Their toys last forever and feel safe for kids, plus they remind me of the ones I played with growing up. My kids love them too, so it’s an easy brand to recommend.",66e5cf7a11cb28aa31d19da8,,,,,,,,,,,,,,,,,,,
q_467,R_7R2588mwrEEktSR,10/23/25 9:19,10/23/25 9:24,263,1,1,1,4,1,3,3,"1,2,3,4,5,6",,2,1,4,5,3,6,,5,5,5,4,3,5,5,5,5,1,4,2,3,4,1,6,5,90,5,5,4,4,5,2,5,5,95,95,100,85,0,80,5,4,5,5,5,3,3,5,1,3,5,I think all of their products are good and also quality.,63ea47b5c84fbf76fc7d41eb,,,,,,,,,,,,,,,,,,,
q_468,R_5YM8fRZczHrn9Za,10/23/25 9:21,10/23/25 9:25,227,1,1,3,4,1,2,4,1,,3,1,2,5,4,6,,4,3,4,2,1,4,5,3,5,3,2,3,1,4,2,5,6,8,5,2,1,3,2,4,3,2,51,78,39,20,2,21,4,3,3,3,3,3,3,4,2,2,4,Because what I have purchased has always worked with my kids.,6648f2b61c0ee875a818798c,,,,,,,,,,,,,,,,,,,
q_469,R_62LqrToWJzol6sU,10/23/25 9:22,10/23/25 9:29,386,1,1,2,4,2,1,4,"1,2,5",,5,3,1,2,4,6,,4,5,5,4,3,5,4,3,4,4,5,2,3,1,5,6,4,40,5,3,4,3,3,5,3,4,87,80,90,79,72,86,4,4,4,4,5,4,5,5,2,3,5,creates good memories,67ddbba0fa5e1ce984f9fb87,,,,,,,,,,,,,,,,,,,
q_470,R_1vCSq4QcOWoOGbf,10/23/25 9:25,10/23/25 9:29,257,1,1,3,5,1,3,2,"1,2,3",,3,2,4,5,1,6,,5,5,5,2,5,5,2,5,5,5,3,2,6,1,3,4,5,23,1,3,2,2,4,2,4,3,76,77,65,63,22,48,5,2,5,5,1,1,1,3,1,2,3,Little tikes was not a brand I played with much and haven’t bought for my own kids,615dc776f1ada9435982f7a9,,,,,,,,,,,,,,,,,,,
q_471,R_3qghjPQ7xq7gbAx,10/23/25 9:29,10/23/25 9:31,104,1,1,1,3,2,1,1,"1,2,3,4,5",,2,1,3,4,5,6,,5,5,5,5,5,5,5,5,5,5,5,1,2,3,4,5,6,98,1,5,5,5,6,6,6,6,100,100,100,100,100,100,5,5,5,5,5,5,5,5,1,1,5,I just love Little Tikes,663e3d54f8d2431b170e185d,,,,,,,,,,,,,,,,,,,
q_472,R_52KOqQROXmWkgqa,10/23/25 9:31,10/23/25 9:34,220,1,1,4,5,2,3,2,"3,4,6",,3,1,2,5,4,6,,4,5,4,2,4,5,4,5,4,2,4,3,4,2,5,6,1,79,3,5,4,4,4,4,5,3,80,69,91,91,50,90,4,3,4,5,1,1,1,4,1,3,5,"I love little tikes , it was something you could always turn to and hopefully find something you had as a child to reintroduce to your child",5dcc3ec7db13278d75c8622f,,,,,,,,,,,,,,,,,,,
q_473,R_68OZAnyLOwOLMWt,10/23/25 9:17,10/23/25 9:35,1071,1,1,2,4,1,1,2,"1,3,4,6",,5,3,2,1,4,6,,4,4,3,4,4,4,4,4,3,4,4,4,1,6,5,2,3,72,4,4,4,3,5,4,5,4,60,81,69,60,87,80,4,4,4,4,4,4,4,4,2,2,4,thinking and ans,672cbcb7f1d4cbceffcbc370,,,,,,,,,,,,,,,,,,,
q_474,R_8fCVFMcobWYHDOf,10/23/25 9:31,10/23/25 9:36,304,1,1,2,6,2,1,2,"1,2,3,4",,3,1,5,2,4,6,,4,5,4,5,4,5,4,4,5,5,5,6,1,4,3,5,2,70,4,4,5,4,5,4,5,4,69,88,70,81,97,77,3,4,3,4,4,4,3,4,2,3,4,"my score is based on Little Tikes’ long-standing commitment to safety, quality materials, and engaging toys that foster creative and active play for children, making it a reliable choice among toy brands.",67d47bef1b8777e754726be0,,,,,,,,,,,,,,,,,,,
q_475,R_6ewxSWldLDoVG2F,10/23/25 9:36,10/23/25 9:45,543,1,1,2,5,2,2,2,"2,3,4",,3,1,4,5,2,6,,4,4,4,2,4,4,4,4,4,3,4,3,5,6,4,1,2,38,3,4,4,4,5,3,5,4,92,77,69,74,51,91,5,3,3,5,1,1,1,5,1,3,5,Little Tikes has stood the test of time and has been proven to enhance childhood play experiences.,65c113a22ace1dacd58ce108,,,,,,,,,,,,,,,,,,,
q_476,R_6cw2Aq5COTEIb1i,10/23/25 9:37,10/23/25 9:47,598,1,1,3,6,2,1,4,"4,5",,2,1,3,5,4,6,,4,4,5,2,2,4,4,4,4,5,4,2,4,3,1,6,5,81,4,4,4,4,5,6,5,5,72,78,69,75,76,77,4,4,4,4,3,4,4,5,2,3,4,"I gave a score of 4 because Little Tikes offers durable, safe, and engaging toys that kids really enjoy. The products are well-designed for imaginative play and active fun.",680d155019b77b986ff85126,,,,,,,,,,,,,,,,,,,
q_477,R_129IY6kUyZ2z66q,10/23/25 9:38,10/23/25 9:48,628,1,1,4,6,3,3,1,"1,2,3,4,5,6",,2,4,3,5,1,6,,5,5,5,1,3,5,5,5,5,1,3,1,2,3,4,6,5,100,5,5,4,5,5,3,4,5,82,100,100,99,52,89,5,5,5,5,3,3,3,5,1,2,5,"Little Tikes is iconic. In the image used,I had a few, my children have or have had every single toy and my grandbabies have most of them. They are high quality, attract children's attention and stand up to heavy play.",6361eebd5327cc2337bd13ad,,,,,,,,,,,,,,,,,,,
q_478,R_1JJleVoAsq1snQd,10/23/25 9:49,10/23/25 9:53,253,1,1,2,4,2,2,4,"1,3",,3,1,2,5,4,6,,4,4,3,2,2,4,4,5,5,1,1,4,3,2,1,5,6,39,5,4,3,4,4,2,4,4,90,89,96,90,10,10,5,5,5,5,4,5,3,5,4,2,5,Little Tikes is a reliable brand so I know the products are high quality and well loved by kids.,5c05c77f24419e0001a3094f,,,,,,,,,,,,,,,,,,,
q_479,R_1dRPQ6g40qB7JgG,10/23/25 9:50,10/23/25 9:55,264,1,1,2,3,1,2,2,4,,2,1,4,5,3,6,,4,4,3,3,2,4,4,3,3,3,2,1,2,4,3,6,5,50,5,5,3,4,2,4,4,2,77,75,84,29,35,68,4,2,4,4,4,1,1,3,2,2,4,It's a solid time tested brand.,6717ad4cd05ccb5a351c73a0,,,,,,,,,,,,,,,,,,,
q_480,R_5Tt4sKwb9mjI1H6,10/23/25 8:29,10/23/25 9:56,5238,1,1,1,6,2,1,1,"2,5",,2,1,4,5,3,6,,5,5,5,4,4,5,5,4,5,3,3,4,1,3,2,5,6,49,3,3,5,5,4,4,3,5,95,89,4,89,86,95,5,3,2,5,2,2,2,5,1,3,5,Always quality well made toys,6629ae8bf0e664a12e61025d,,,,,,,,,,,,,,,,,,,
q_481,R_6kSaW6q0TPrKug2,10/23/25 9:48,10/23/25 9:57,554,1,1,1,4,2,2,1,"2,3,4,5,6",,3,1,2,5,4,6,,4,5,4,2,5,5,5,5,4,1,2,2,1,3,4,5,6,84,1,5,5,5,4,3,4,4,96,94,84,52,2,70,5,5,5,4,3,3,3,5,1,3,5,Great experiences,6638e56cff7ec033bb449819,,,,,,,,,,,,,,,,,,,
q_482,R_39iuacGSAIoh26D,10/23/25 9:49,10/23/25 9:57,478,1,1,2,6,1,1,2,"1,5",,1,4,3,5,2,6,,4,4,5,2,4,5,5,5,5,4,5,3,2,6,4,5,1,89,4,4,4,4,4,3,4,4,89,95,89,95,92,92,3,4,4,5,4,4,4,5,1,3,5,because little tikes is a very good and trusted brand with good quality,67d477f5ee48cd5a2badeeb0,,,,,,,,,,,,,,,,,,,
q_483,R_3SxcZEYPOZTbqjB,10/23/25 9:55,10/23/25 9:58,201,1,1,2,2,2,2,2,"1,2,3,4",,1,2,4,6,3,5,barbie,4,4,3,3,4,5,5,5,5,3,5,2,1,5,4,6,3,100,3,5,5,5,2,2,5,5,96,97,100,100,11,100,5,5,5,5,4,4,5,5,1,3,5,It just gives me that feeling of being a kid and being so happy,659f36871adc00ba10f781cf,,,,,,,,,,,,,,,,,,,
q_484,R_1ClInQvmWwBoQu7,10/23/25 10:00,10/23/25 10:03,191,1,1,1,4,2,2,3,"2,3,4",,1,3,4,5,2,6,,5,5,5,2,2,4,3,5,5,4,3,3,1,2,4,6,5,79,1,5,5,4,5,5,6,6,72,96,89,90,84,86,4,3,2,5,2,1,1,5,3,3,5,because the toys are very durable and educational,56bd7bf3d4e2180005a86846,,,,,,,,,,,,,,,,,,,
q_485,R_5dEQITGzaf9PnXz,10/23/25 10:00,10/23/25 10:04,208,1,1,1,3,2,3,2,"2,4",,3,1,4,5,2,6,,4,4,3,4,2,4,3,3,2,1,2,1,2,3,4,6,5,21,5,2,2,2,3,1,4,3,50,50,50,50,30,10,4,3,4,4,3,2,2,3,4,2,2,I don't generally recommend kids toys unless they truly stand out to me.,63d546d88ccf3a038620bb8c,,,,,,,,,,,,,,,,,,,
q_486,R_31VxrfQjNiF5Gx3,10/23/25 10:00,10/23/25 10:04,236,1,1,1,3,2,1,3,"1,2,3,4,5,6",,3,2,4,5,1,6,,4,4,4,4,5,5,5,5,5,5,4,1,2,3,4,5,6,100,1,5,5,5,4,4,4,4,84,88,88,90,40,100,4,4,4,4,4,4,4,4,2,2,4,they are quite good,6718c20242af3c13b547810a,,,,,,,,,,,,,,,,,,,
q_487,R_1OHj7KsM4YWcBzz,10/23/25 10:00,10/23/25 10:04,253,1,1,3,3,2,1,2,"1,3",,3,1,2,5,4,6,,3,4,3,4,2,3,4,3,4,3,2,2,1,3,4,5,6,80,1,4,3,4,3,3,3,3,89,89,59,60,20,81,4,4,5,4,2,2,2,4,2,2,4,This brand is always pretty reliable.,634ef87aec0966557c825573,,,,,,,,,,,,,,,,,,,
q_488,R_1dmFi2GjTwGCmKV,10/23/25 10:00,10/23/25 10:05,295,1,1,1,4,2,2,3,"1,3,4,5,6,7",Reddit,1,3,2,6,4,5,Tamagotchi,4,3,4,4,3,4,4,5,4,2,3,3,4,1,2,6,5,36,5,4,4,4,3,2,5,2,84,84,91,79,20,61,4,4,5,5,5,5,3,4,1,3,4,I like Little Tikes - It holds up and it allows kids to create imaginative experience.,5e9a2f95fe11450cc4a6b2be,,,,,,,,,,,,,,,,,,,
q_489,R_3aQ7svsarYe7Anx,10/23/25 10:00,10/23/25 10:05,277,1,1,1,2,1,1,3,"1,2,3,4,6",,3,4,2,5,1,6,,4,4,4,5,5,5,5,4,2,1,1,3,1,2,4,6,5,100,3,4,3,4,2,2,4,3,86,100,67,6,2,77,3,1,1,5,1,1,3,4,3,2,3,I dont care too much for any company,62f6b8494637cac9558c0d85,,,,,,,,,,,,,,,,,,,
q_490,R_1DAyU82TGxk0boU,10/23/25 10:00,10/23/25 10:05,285,1,1,1,3,2,2,2,"1,2,3,5,6",,3,2,4,5,1,6,,4,4,5,5,4,5,5,4,5,1,4,2,1,4,3,6,5,80,1,4,4,3,5,1,6,4,91,90,100,53,0,80,5,3,2,5,2,2,2,4,1,2,4,Good quality and typically worth the money,5f28a8c70ceaaf202e4442bb,,,,,,,,,,,,,,,,,,,
q_491,R_1mZvN2nMy9ioWAN,10/23/25 10:00,10/23/25 10:05,302,1,1,2,6,2,1,2,"4,5",,4,1,2,5,3,6,,4,4,3,5,3,3,3,4,4,4,3,4,2,1,3,6,5,36,2,4,3,3,2,2,3,1,80,87,64,54,12,78,4,4,3,4,3,3,3,3,2,2,3,"I may or may not. I don't reccomend by brands I recommend by the toy and function, I don't think about the brand",678967766af8f51e08627049,,,,,,,,,,,,,,,,,,,
q_492,R_6l5VXRKWSajdU3d,10/23/25 10:00,10/23/25 10:06,346,1,1,2,5,2,2,3,"1,3,7",Reddit,1,3,4,6,5,2,Barbie (Mattel),5,5,4,2,3,4,4,4,4,1,3,2,4,3,1,6,5,88,1,4,4,4,2,2,4,3,89,90,55,68,11,67,5,5,5,4,4,3,3,5,3,2,5,I think they are great toys especially for younger kids,5e614c386ee9b3017b83e4bc,,,,,,,,,,,,,,,,,,,
q_493,R_7TMtug4KYvJHuDf,10/23/25 10:01,10/23/25 10:07,334,1,1,2,6,1,2,3,"1,6",,1,2,3,4,5,6,,4,5,4,4,3,3,4,3,4,4,3,1,2,3,4,5,6,79,3,3,4,3,4,3,4,3,72,55,70,49,38,51,4,3,3,5,3,3,3,4,1,2,4,"They make great toys, especially for outdoor",667f22993cba60d404045b37,,,,,,,,,,,,,,,,,,,
q_494,R_1iO5MpzsCAss5HP,10/23/25 10:03,10/23/25 10:07,280,1,1,3,4,1,2,3,"1,2,6",,2,1,4,5,3,6,,4,4,4,2,5,5,5,5,5,5,4,1,2,4,3,5,6,100,2,5,5,5,2,2,5,5,100,100,100,100,11,99,5,5,5,5,3,3,3,5,1,2,5,They will last them a long time and keep their kids happy!,66baeb26193b68793e6575f2,,,,,,,,,,,,,,,,,,,
q_495,R_1ojoVPObaDEpWXh,10/23/25 10:00,10/23/25 10:08,499,1,1,1,2,1,1,4,"1,2",,4,1,2,3,5,6,,4,4,4,3,3,4,4,4,4,5,4,1,3,2,4,5,6,65,1,4,4,4,5,3,5,5,73,52,63,54,54,67,4,5,4,4,4,4,3,3,2,3,4,because usefull,66960595b0ae9b1d115a69e5,,,,,,,,,,,,,,,,,,,
q_496,R_1mfLmqvI3k1LE8d,10/23/25 10:00,10/23/25 10:09,540,1,1,1,2,1,2,4,"1,4,5",,4,2,3,5,1,6,,4,4,4,2,3,4,4,4,4,2,3,4,1,3,2,6,5,60,5,4,4,4,4,3,4,4,80,80,79,80,50,80,4,3,3,4,3,3,3,4,4,3,5,"I like their products, and I used to use them too as a kid. They last a long time.",5bef41fa54277d000114d6ad,,,,,,,,,,,,,,,,,,,
q_497,R_1usf38EgRWfEQNP,10/23/25 10:02,10/23/25 10:12,581,1,1,2,6,1,1,2,"1,4,5",,1,3,2,5,4,6,,4,4,4,1,4,5,5,5,5,5,5,2,1,3,4,6,5,90,2,4,4,5,5,5,5,5,91,97,91,95,81,93,5,4,5,5,4,4,5,5,2,3,5,"I scored it like this because of it safety feature, durability and quality.",67e0a381a0fa34c76f7979d4,,,,,,,,,,,,,,,,,,,
q_498,R_1mzozfU4k5aO0lp,10/23/25 10:11,10/23/25 10:14,195,1,1,2,4,2,2,4,"1,3,4,5",,2,3,4,5,1,6,,4,4,4,2,2,4,4,4,5,2,2,3,1,2,4,6,5,63,1,4,3,3,3,2,4,2,81,91,70,82,23,80,4,4,4,4,3,3,3,4,4,2,4,It is high quality and lasts a long time.,67252c6c133b955ca07eee31,,,,,,,,,,,,,,,,,,,
q_499,R_6DkFgHKfi6xweSQ,10/23/25 10:01,10/23/25 10:16,938,1,1,2,4,2,2,2,"1,3,6",,2,1,3,5,4,6,,4,4,3,3,2,4,5,4,3,2,1,2,1,3,4,5,6,40,1,4,4,5,3,3,3,3,99,90,90,81,10,81,4,3,5,3,3,4,2,4,1,3,5,I recall Little Tikes being so durable that those toys moved from different homes in my families. I don't recall them breaking either.,6556364a457cabc2f54b1063,,,,,,,,,,,,,,,,,,,
q_500,R_1f2uGVqHkwZSX5v,10/23/25 10:00,10/23/25 10:21,1209,1,1,3,4,1,2,1,"4,6",,3,4,5,6,2,1,Nintendo,5,4,4,2,3,3,5,5,3,3,3,2,1,3,4,6,5,79,3,4,3,3,3,1,4,3,88,90,90,79,40,77,4,3,1,5,3,3,3,4,1,2,5,I gave it 5 stars because I've watched kids in my family my whole life enjoy Little Tikes toys.,64413c375a0ded04a4e99a3f,,,,,,,,,,,,,,,,,,,
q_501,R_1EbobzErK2Qp2lU,10/23/25 10:00,10/23/25 10:21,1257,1,1,3,4,1,2,2,"1,2,3,4,6",,2,5,4,3,1,6,,4,4,4,2,2,5,5,5,5,3,3,4,1,3,2,5,6,99,5,4,4,4,4,4,3,4,99,99,100,99,50,99,4,4,4,5,4,4,5,5,2,3,5,"because i have a personal experience with it and i can guarantee of its safety, fun an creative imaginative plays",67a507f52decb8dbaacc29e3,,,,,,,,,,,,,,,,,,,